Date,Timestamp,IMU_0_Acc_x_axis(g),IMU_0_Acc_y_axis(g),IMU_0_Acc_z_axis(g),IMU_0_AngularVel_x_axis(deg/sec),IMU_0_AngularVel_y_axis(deg/sec),IMU_0_AngularVel_z_axis(deg/sec),IMU_1_Acc_x_axis(g),IMU_1_Acc_y_axis(g),IMU_1_Acc_z_axis(g),IMU_1_AngularVel_x_axis(deg/sec),IMU_1_AngularVel_y_axis(deg/sec),IMU_1_AngularVel_z_axis(deg/sec),||Marker_0_Pos_x,Marker_0_Pos_y,Marker_0_Pos_z,Marker_1_Pos_x,Marker_1_Pos_y,Marker_1_Pos_z,Marker_2_Pos_x,Marker_2_Pos_y,Marker_2_Pos_z,Marker_3_Pos_x,Marker_3_Pos_y,Marker_3_Pos_z,Total Entry Count,838
2.02101E+13,35.0099,02_00_53_608,-0.098,-0.124,9.662,02_00_53_609,0.14,0.77,-0.07,,,,,,,,,,,,,,,,,,
2.02101E+13,35.0109,02_00_53_618,-0.098,-0.124,9.662,02_00_53_619,0.14,0.7,-0.07,,,,,,,,,,,,,,,,,,
2.02101E+13,35.0109,02_00_53_628,-0.065,-0.124,9.748,02_00_53_629,0.14,0.84,-0.14,,,,,,,,,,,,,,,,,,
2.02101E+13,35.0109,02_00_53_638,-0.065,-0.124,9.748,02_00_53_639,0.14,0.77,-0.07,,,,,,,,,,,,,,,,,,
2.02101E+13,35.0109,02_00_53_648,-0.022,-0.175,9.712,02_00_53_649,0.07,0.77,-0.07,,,,,,,,,,,,,,,,,,
2.02101E+13,35.0109,02_00_53_658,-0.022,-0.175,9.712,02_00_53_659,0.07,0.77,-0.07,,,,,,,,,,,,,,,,,,
2.02101E+13,35.0109,02_00_53_668,-0.11,-0.103,9.636,02_00_53_669,0.07,0.77,-0.07,,,,,,,,,,,,,,,,,,
2.02101E+13,35.0109,02_00_53_678,-0.11,-0.103,9.636,02_00_53_679,0.07,0.77,-0.07,,,,,,,,,,,,,,,,,,
2.02101E+13,35.0109,02_00_53_688,-0.029,-0.055,9.679,02_00_53_689,0.07,0.77,-0.07,,,,,,,,,,,,,,,,,,
2.02101E+13,35.0109,02_00_53_698,-0.029,-0.055,9.679,02_00_53_699,0.07,0.77,-0.14,,,,,,,,,,,,,,,,,,
2.02101E+13,35.0109,02_00_53_708,-0.112,-0.026,9.665,02_00_53_709,0.07,0.77,-0.14,,,,,,,,,,,,,,,,,,
2.02101E+13,35.0109,02_00_53_718,-0.112,-0.026,9.665,02_00_53_719,-0.07,-0.77,0.07,,,,,,,,,,,,,,,,,,
2.02101E+13,35.0109,02_00_53_728,-0.045,-0.067,9.696,02_00_53_729,0.07,0.77,-0.07,,,,,,,,,,,,,,,,,,
2.02101E+13,35.0109,02_00_53_738,-0.045,-0.067,9.696,02_00_53_739,0.07,-0.77,0.07,,,,,,,,,,,,,,,,,,
2.02101E+13,35.0109,02_00_53_748,-0.062,-0.127,9.722,02_00_53_749,0.07,0.77,-0.07,,,,,,,,,,,,,,,,,,
2.02101E+13,35.0109,02_00_53_758,-0.062,-0.127,9.722,02_00_53_759,0.07,0.77,-0.07,,,,,,,,,,,,,,,,,,
2.02101E+13,35.0109,02_00_53_768,-0.148,-0.112,9.705,02_00_53_769,0.07,0.77,-0.07,,,,,,,,,,,,,,,,,,
2.02101E+13,35.0109,02_00_53_778,-0.148,-0.112,9.705,02_00_53_779,0.07,0.84,-0.07,,,,,,,,,,,,,,,,,,
2.02101E+13,35.0109,02_00_53_788,-0.033,-0.084,9.681,02_00_53_789,0.07,0.77,-0.07,,,,,,,,,,,,,,,,,,
2.02101E+13,35.0109,02_00_53_798,-0.033,-0.084,9.681,02_00_53_799,0.07,0.77,-0.07,,,,,,,,,,,,,,,,,,
2.02101E+13,35.0109,02_00_53_808,-0.098,-0.077,9.739,02_00_53_809,0.07,0.77,-0.07,,,,,,,,,,,,,,,,,,
2.02101E+13,35.0109,02_00_53_818,-0.031,-0.084,9.708,02_00_53_819,0.07,0.77,-0.07,,,,,,,,,,,,,,,,,,
2.02101E+13,35.0109,02_00_53_827,-0.031,-0.084,9.708,02_00_53_828,0.14,0.77,-0.07,,,,,,,,,,,,,,,,,,
2.02101E+13,35.0109,02_00_53_837,-0.069,-0.072,9.708,02_00_53_838,0.07,0.77,-0.07,,,,,,,,,,,,,,,,,,
2.02101E+13,35.0109,02_00_53_847,-0.069,-0.072,9.708,02_00_53_848,0.14,0.7,-0.07,,,,,,,,,,,,,,,,,,
2.02101E+13,35.0109,02_00_53_857,-0.057,-0.105,9.715,02_00_53_858,0.07,0.77,-0.07,,,,,,,,,,,,,,,,,,
2.02101E+13,35.0109,02_00_53_867,-0.057,-0.105,9.715,02_00_53_868,0.07,0.84,-0.07,,,,,,,,,,,,,,,,,,
2.02101E+13,35.0109,02_00_53_877,-0.115,-0.072,9.698,02_00_53_878,0.07,0.84,-0.07,,,,,,,,,,,,,,,,,,
2.02101E+13,35.0109,02_00_53_887,-0.115,-0.072,9.698,02_00_53_888,0.07,0.77,-0.07,,,,,,,,,,,,,,,,,,
2.02101E+13,35.0109,02_00_53_897,-0.019,-0.096,9.662,02_00_53_898,0.07,0.77,-0.07,,,,,,,,,,,,,,,,,,
2.02101E+13,35.0109,02_00_53_907,-0.019,-0.096,9.662,02_00_53_908,-0.07,0.77,-0.07,,,,,,,,,,,,,,,,,,
2.02101E+13,35.0109,02_00_53_917,-0.057,-0.112,9.701,02_00_53_918,-0.07,0.77,-0.07,,,,,,,,,,,,,,,,,,
2.02101E+13,35.0109,02_00_53_927,-0.057,-0.112,9.701,02_00_53_928,0.07,0.77,-0.07,,,,,,,,,,,,,,,,,,
2.02101E+13,35.0109,02_00_53_937,-0.033,-0.11,9.653,02_00_53_938,0.07,0.77,-0.07,,,,,,,,,,,,,,,,,,
2.02101E+13,35.0109,02_00_53_947,-0.033,-0.11,9.653,02_00_53_948,0.07,0.84,-0.07,,,,,,,,,,,,,,,,,,
2.02101E+13,35.0109,02_00_53_957,-0.041,-0.117,9.667,02_00_53_958,0.07,0.77,-0.07,,,,,,,,,,,,,,,,,,
2.02101E+13,35.0109,02_00_53_967,-0.041,-0.117,9.667,02_00_53_968,0.14,0.77,-0.07,,,,,,,,,,,,,,,,,,
2.02101E+13,35.0109,02_00_53_977,-0.105,-0.081,9.641,02_00_53_978,0.14,0.77,-0.14,,,,,,,,,,,,,,,,,,
2.02101E+13,35.0109,02_00_53_987,-0.105,-0.081,9.641,02_00_53_988,0.14,0.7,-0.14,,,,,,,,,,,,,,,,,,
2.02101E+13,35.0109,02_00_53_997,0.002,-0.1,9.657,02_00_53_998,0.07,0.84,-0.07,,,,,,,,,,,,,,,,,,
2.02101E+13,35.0109,02_00_54_007,0.002,-0.1,9.657,02_00_54_008,0.07,0.84,-0.07,,,,,,,,,,,,,,,,,,
2.02101E+13,35.0109,02_00_54_017,-0.065,-0.045,9.653,02_00_54_018,0.07,0.84,-0.07,,,,,,,,,,,,,,,,,,
2.02101E+13,35.0109,02_00_54_027,-0.065,-0.045,9.653,02_00_54_028,0.07,0.77,-0.07,,,,,,,,,,,,,,,,,,
2.02101E+13,35.0109,02_00_54_037,-0.105,-0.163,9.679,02_00_54_038,0.07,0.77,-0.07,,,,,,,,,,,,,,,,,,
2.02101E+13,35.0109,02_00_54_046,-0.105,-0.163,9.679,02_00_54_047,0.07,0.77,-0.07,,,,,,,,,,,,,,,,,,
2.02101E+13,35.0109,02_00_54_056,-0.074,-0.132,9.724,02_00_54_057,0.07,0.77,-0.07,,,,,,,,,,,,,,,,,,
2.02101E+13,35.0109,02_00_54_066,-0.074,-0.132,9.724,02_00_54_067,0.07,0.7,-0.07,,,,,,,,,,,,,,,,,,
2.02101E+13,35.0109,02_00_54_076,-0.132,-0.041,9.662,02_00_54_077,0.07,0.77,-0.07,,,,,,,,,,,,,,,,,,
2.02101E+13,35.0109,02_00_54_086,-0.132,-0.041,9.662,02_00_54_087,0.07,0.7,-0.07,,,,,,,,,,,,,,,,,,
2.02101E+13,35.0109,02_00_54_096,-0.096,-0.096,9.667,02_00_54_097,0.07,0.77,-0.07,,,,,,,,,,,,,,,,,,
2.02101E+13,35.0109,02_00_54_106,-0.096,-0.096,9.667,02_00_54_107,0.07,0.77,-0.07,,,,,,,,,,,,,,,,,,
2.02101E+13,35.0109,02_00_54_116,-0.029,-0.139,9.701,02_00_54_117,0.07,0.77,-0.07,,,,,,,,,,,,,,,,,,
2.02101E+13,35.0109,02_00_54_126,-0.029,-0.139,9.701,02_00_54_127,0.07,0.77,-0.07,,,,,,,,,,,,,,,,,,
2.02101E+13,35.0109,02_00_54_136,-0.074,-0.105,9.703,02_00_54_137,0.07,0.77,-0.07,,,,,,,,,,,,,,,,,,
2.02101E+13,35.0109,02_00_54_146,-0.074,-0.105,9.703,02_00_54_147,0.07,0.77,-0.07,,,,,,,,,,,,,,,,,,
2.02101E+13,35.0109,02_00_54_156,-0.1,-0.024,9.638,02_00_54_157,0.07,0.77,-0.07,,,,,,,,,,,,,,,,,,
2.02101E+13,35.0109,02_00_54_166,-0.1,-0.024,9.638,02_00_54_167,0.07,0.77,-0.07,,,,,,,,,,,,,,,,,,
2.02101E+13,35.0109,02_00_54_176,-0.031,-0.124,9.748,02_00_54_177,0.14,0.77,-0.07,,,,,,,,,,,,,,,,,,
2.02101E+13,35.0109,02_00_54_186,-0.031,-0.124,9.748,02_00_54_187,0.14,0.84,-0.07,,,,,,,,,,,,,,,,,,
2.02101E+13,35.0109,02_00_54_196,-0.103,-0.045,9.679,02_00_54_197,0.14,0.84,-0.07,,,,,,,,,,,,,,,,,,
2.02101E+13,35.0109,02_00_54_206,-0.103,-0.045,9.679,02_00_54_207,-0.07,0.84,-0.07,,,,,,,,,,,,,,,,,,
2.02101E+13,35.0109,02_00_54_216,-0.043,-0.084,9.691,02_00_54_217,-0.07,0.77,-0.07,,,,,,,,,,,,,,,,,,
2.02101E+13,35.0109,02_00_54_226,-0.043,-0.084,9.691,02_00_54_227,0.21,0.77,-0.07,,,,,,,,,,,,,,,,,,
2.02101E+13,35.0109,02_00_54_236,-0.065,-0.11,9.672,02_00_54_237,0.14,0.77,-0.07,,,,,,,,,,,,,,,,,,
2.02101E+13,35.0119,02_00_54_246,-0.065,-0.11,9.672,02_00_54_247,0.14,0.77,-0.07,,,,,,,,,,,,,,,,,,
2.02101E+13,35.0119,02_00_54_256,-0.148,-0.096,9.691,02_00_54_257,0.14,0.77,-0.14,,,,,,,,,,,,,,,,,,
2.02101E+13,35.0119,02_00_54_266,-0.148,-0.096,9.691,02_00_54_267,0.07,0.77,-0.07,,,,,,,,,,,,,,,,,,
2.02101E+13,35.0119,02_00_54_275,-0.057,-0.093,9.684,02_00_54_276,0.07,0.77,-0.07,,,,,,,,,,,,,,,,,,
2.02101E+13,35.0119,02_00_54_285,-0.057,-0.093,9.684,02_00_54_286,0.07,0.77,-0.07,,,,,,,,,,,,,,,,,,
2.02101E+13,35.0119,02_00_54_295,-0.105,-0.12,9.696,02_00_54_296,0.07,0.77,-0.07,,,,,,,,,,,,,,,,,,
2.02101E+13,35.0119,02_00_54_305,-0.105,-0.12,9.696,02_00_54_306,0.07,0.77,-0.07,,,,,,,,,,,,,,,,,,
2.02101E+13,35.0119,02_00_54_315,-0.072,-0.053,9.746,02_00_54_316,0.07,0.84,-0.07,,,,,,,,,,,,,,,,,,
2.02101E+13,35.0119,02_00_54_325,-0.072,-0.053,9.746,02_00_54_326,0.14,0.7,-0.07,,,,,,,,,,,,,,,,,,
2.02101E+13,35.0119,02_00_54_335,-0.079,-0.084,9.763,02_00_54_336,0.07,0.77,-0.07,,,,,,,,,,,,,,,,,,
2.02101E+13,35.0119,02_00_54_345,-0.079,-0.084,9.763,02_00_54_346,0.07,0.84,-0.07,,,,,,,,,,,,,,,,,,
2.02101E+13,35.0119,02_00_54_355,-0.16,-0.091,9.729,02_00_54_356,0.07,0.84,-0.07,,,,,,,,,,,,,,,,,,
2.02101E+13,35.0119,02_00_54_365,-0.16,-0.091,9.729,02_00_54_366,0.21,0.77,-0.07,,,,,,,,,,,,,,,,,,
2.02101E+13,35.0119,02_00_54_375,-0.079,-0.06,9.677,02_00_54_376,0.14,0.77,-0.07,,,,,,,,,,,,,,,,,,
2.02101E+13,35.0119,02_00_54_385,-0.079,-0.06,9.677,02_00_54_386,0.07,0.84,-0.07,,,,,,,,,,,,,,,,,,
2.02101E+13,35.0119,02_00_54_395,-0.108,-0.057,9.641,02_00_54_396,0.07,0.84,-0.07,,,,,,,,,,,,,,,,,,
2.02101E+13,35.0119,02_00_54_405,-0.108,-0.057,9.641,02_00_54_406,0.07,0.77,-0.07,,,,,,,,,,,,,,,,,,
2.02101E+13,35.0119,02_00_54_415,-0.065,-0.151,9.689,02_00_54_416,0.07,0.84,-0.07,,,,,,,,,,,,,,,,,,
2.02101E+13,35.0119,02_00_54_425,-0.065,-0.151,9.689,02_00_54_426,0.07,0.84,-0.07,,,,,,,,,,,,,,,,,,
2.02101E+13,35.0119,02_00_54_435,-0.072,-0.098,9.662,02_00_54_436,0.14,0.77,-0.07,,,,,,,,,,,,,,,,,,
2.02101E+13,35.0119,02_00_54_445,-0.072,-0.098,9.662,02_00_54_446,0.14,0.77,-0.07,,,,,,,,,,,,,,,,,,
2.02101E+13,35.0119,02_00_54_455,-0.091,-0.072,9.686,02_00_54_456,-0.21,0.77,-0.07,,,,,,,,,,,,,,,,,,
2.02101E+13,35.0119,02_00_54_465,-0.091,-0.072,9.686,02_00_54_466,-0.07,0.84,-0.07,,,,,,,,,,,,,,,,,,
2.02101E+13,35.0119,02_00_54_475,-0.05,-0.06,9.691,02_00_54_476,0.07,0.77,-0.07,,,,,,,,,,,,,,,,,,
2.02101E+13,35.0119,02_00_54_484,-0.05,-0.06,9.691,02_00_54_485,0.07,0.77,-0.07,,,,,,,,,,,,,,,,,,
2.02101E+13,35.0119,02_00_54_494,0.014,-0.079,9.705,02_00_54_495,-0.07,0.77,-0.07,,,,,,,,,,,,,,,,,,
2.02101E+13,35.0119,02_00_54_504,0.014,-0.079,9.705,02_00_54_505,0.07,0.77,-0.07,,,,,,,,,,,,,,,,,,
2.02101E+13,35.0119,02_00_54_514,-0.022,-0.05,9.598,02_00_54_515,0.07,0.77,-0.14,,,,,,,,,,,,,,,,,,
2.02101E+13,35.0119,02_00_54_524,-0.022,-0.05,9.598,02_00_54_525,0.07,0.77,-0.07,,,,,,,,,,,,,,,,,,
2.02101E+13,35.0119,02_00_54_534,-0.048,-0.091,9.66,02_00_54_535,0.07,0.77,-0.07,,,,,,,,,,,,,,,,,,
2.02101E+13,35.0119,02_00_54_544,-0.048,-0.091,9.66,02_00_54_545,0.07,0.77,-0.07,,,,,,,,,,,,,,,,,,
2.02101E+13,35.0119,02_00_54_554,-0.098,-0.062,9.708,02_00_54_555,0.07,0.77,-0.07,,,,,,,,,,,,,,,,,,
2.02101E+13,35.0119,02_00_54_564,-0.098,-0.062,9.708,02_00_54_565,0.07,0.77,-0.07,,,,,,,,,,,,,,,,,,
2.02101E+13,35.0119,02_00_54_574,-0.091,-0.129,9.686,02_00_54_575,0.07,0.84,-0.07,,,,,,,,,,,,,,,,,,
2.02101E+13,35.0119,02_00_54_584,-0.091,-0.129,9.686,02_00_54_585,0.07,0.84,-0.07,,,,,,,,,,,,,,,,,,
2.02101E+13,35.0119,02_00_54_594,-0.108,-0.105,9.66,02_00_54_595,0.07,0.84,-0.07,,,,,,,,,,,,,,,,,,
2.02101E+13,35.0119,02_00_54_604,-0.108,-0.105,9.66,02_00_54_605,0.14,0.84,-0.07,,,,,,,,,,,,,,,,,,
2.02101E+13,35.0119,02_00_54_614,-0.05,-0.127,9.643,02_00_54_615,0.07,0.84,-0.07,,,,,,,,,,,,,,,,,,
2.02101E+13,35.0119,02_00_54_624,-0.05,-0.127,9.643,02_00_54_625,0.14,0.77,-0.07,,,,,,,,,,,,,,,,,,
2.02101E+13,35.0119,02_00_54_634,-0.153,-0.069,9.665,02_00_54_635,0.14,0.77,-0.07,,,,,,,,,,,,,,,,,,
2.02101E+13,35.0119,02_00_54_644,-0.153,-0.069,9.665,02_00_54_645,0.07,0.84,-0.07,,,,,,,,,,,,,,,,,,
2.02101E+13,35.0119,02_00_54_654,-0.112,-0.129,9.708,02_00_54_655,-0.07,0.84,-0.07,,,,,,,,,,,,,,,,,,
2.02101E+13,35.0119,02_00_54_664,-0.112,-0.129,9.708,02_00_54_665,0.07,0.77,-0.07,,,,,,,,,,,,,,,,,,
2.02101E+13,35.0119,02_00_54_674,-0.057,-0.079,9.665,02_00_54_675,0.07,0.84,-0.07,,,,,,,,,,,,,,,,,,
2.02101E+13,35.0119,02_00_54_684,-0.057,-0.079,9.665,02_00_54_685,0.07,0.77,-0.07,,,,,,,,,,,,,,,,,,
2.02101E+13,35.0119,02_00_54_694,-0.124,-0.062,9.65,02_00_54_695,0.07,0.84,-0.07,,,,,,,,,,,,,,,,,,
2.02101E+13,35.0119,02_00_54_703,-0.124,-0.062,9.65,02_00_54_704,0.07,0.77,-0.07,,,,,,,,,,,,,,,,,,
2.02101E+13,35.0119,02_00_54_713,-0.172,-0.055,9.691,02_00_54_714,0.14,0.77,-0.07,,,,,,,,,,,,,,,,,,
2.02101E+13,35.0119,02_00_54_723,-0.172,-0.055,9.691,02_00_54_724,0.14,0.84,-0.07,,,,,,,,,,,,,,,,,,
2.02101E+13,35.0119,02_00_54_733,-0.151,-0.191,9.689,02_00_54_734,0.14,0.77,-0.07,,,,,,,,,,,,,,,,,,
2.02101E+13,35.0119,02_00_54_743,-0.151,-0.191,9.689,02_00_54_744,-0.07,0.77,-0.07,,,,,,,,,,,,,,,,,,
2.02101E+13,35.0119,02_00_54_753,-0.134,-0.053,9.696,02_00_54_754,0.07,0.77,-0.07,,,,,,,,,,,,,,,,,,
2.02101E+13,35.0119,02_00_54_763,-0.134,-0.053,9.696,02_00_54_764,0.07,0.84,-0.07,,,,,,,,,,,,,,,,,,
2.02101E+13,35.0119,02_00_54_773,-0.105,-0.098,9.665,02_00_54_774,0.14,0.77,-0.07,,,,,,,,,,,,,,,,,,
2.02101E+13,35.0119,02_00_54_783,-0.105,-0.098,9.665,02_00_54_784,0.14,0.77,-0.07,,,,,,,,,,,,,,,,,,
2.02101E+13,35.0119,02_00_54_793,-0.084,-0.086,9.607,02_00_54_794,0.21,0.77,-0.07,,,,,,,,,,,,,,,,,,
2.02101E+13,35.0119,02_00_54_803,-0.084,-0.086,9.607,02_00_54_804,0.07,0.77,-0.07,,,,,,,,,,,,,,,,,,
2.02101E+13,35.0119,02_00_54_813,-0.012,-0.158,9.689,02_00_54_814,0.07,0.77,-0.07,,,,,,,,,,,,,,,,,,
2.02101E+13,35.0119,02_00_54_823,-0.012,-0.158,9.689,02_00_54_824,0.07,0.84,-0.07,,,,,,,,,,,,,,,,,,
2.02101E+13,35.0119,02_00_54_833,-0.12,-0.112,9.693,02_00_54_834,0.07,0.84,-0.07,,,,,,,,,,,,,,,,,,
2.02101E+13,35.0119,02_00_54_843,-0.12,-0.112,9.693,02_00_54_844,0.07,-0.77,0.07,,,,,,,,,,,,,,,,,,
2.02101E+13,35.0119,02_00_54_853,-0.141,-0.105,9.681,02_00_54_854,0.07,0.7,-0.07,,,,,,,,,,,,,,,,,,
2.02101E+13,35.0119,02_00_54_863,-0.141,-0.105,9.681,02_00_54_864,0.07,-0.77,0.07,,,,,,,,,,,,,,,,,,
2.02101E+13,35.0119,02_00_54_873,-0.065,-0.129,9.691,02_00_54_874,-0.07,0.77,-0.14,,,,,,,,,,,,,,,,,,
2.02101E+13,35.0119,02_00_54_883,-0.065,-0.129,9.691,02_00_54_884,-0.07,0.84,-0.07,,,,,,,,,,,,,,,,,,
2.02101E+13,35.0119,02_00_54_893,-0.084,-0.086,9.66,02_00_54_894,-0.07,0.77,-0.07,,,,,,,,,,,,,,,,,,
2.02101E+13,35.0119,02_00_54_903,-0.079,-0.043,9.703,02_00_54_904,-0.07,0.7,-0.07,,,,,,,,,,,,,,,,,,
2.02101E+13,35.0119,02_00_54_913,-0.079,-0.043,9.703,02_00_54_914,-0.07,0.77,-0.07,,,,,,,,,,,,,,,,,,
2.02101E+13,35.0119,02_00_54_923,-0.067,-0.048,9.626,02_00_54_924,-0.07,0.77,-0.07,,,,,,,,,,,,,,,,,,
2.02101E+13,35.0119,02_00_54_932,-0.067,-0.048,9.626,02_00_54_933,-0.07,0.77,-0.07,,,,,,,,,,,,,,,,,,
2.02101E+13,35.0119,02_00_54_942,-0.022,-0.129,9.696,02_00_54_943,-0.07,0.77,-0.07,,,,,,,,,,,,,,,,,,
2.02101E+13,35.0119,02_00_54_952,-0.022,-0.129,9.696,02_00_54_953,0.07,0.77,-0.07,,,,,,,,,,,,,,,,,,
2.02101E+13,35.0119,02_00_54_962,-0.062,-0.093,9.681,02_00_54_963,0.07,0.77,-0.07,,,,,,,,,,,,,,,,,,
2.02101E+13,35.0119,02_00_54_972,-0.062,-0.093,9.681,02_00_54_973,0.07,0.77,-0.07,,,,,,,,,,,,,,,,,,
2.02101E+13,35.0119,02_00_54_982,-0.048,-0.12,9.691,02_00_54_983,0.07,0.77,-0.07,,,,,,,,,,,,,,,,,,
2.02101E+13,35.0119,02_00_54_992,-0.048,-0.12,9.691,02_00_54_993,0.07,0.77,-0.07,,,,,,,,,,,,,,,,,,
2.02101E+13,35.0119,02_00_55_002,-0.1,-0.062,9.657,02_00_55_003,0.07,0.84,-0.07,,,,,,,,,,,,,,,,,,
2.02101E+13,35.0119,02_00_55_012,-0.1,-0.062,9.657,02_00_55_013,0.07,0.84,-0.07,,,,,,,,,,,,,,,,,,
2.02101E+13,35.0119,02_00_55_022,-0.086,-0.029,9.669,02_00_55_023,0.07,0.77,-0.07,,,,,,,,,,,,,,,,,,
2.02101E+13,35.0119,02_00_55_032,-0.086,-0.029,9.669,02_00_55_033,0.07,0.77,-0.07,,,,,,,,,,,,,,,,,,
2.02101E+13,35.0119,02_00_55_042,-0.012,-0.072,9.653,02_00_55_043,0.07,0.77,-0.07,,,,,,,,,,,,,,,,,,
2.02101E+13,35.0119,02_00_55_052,-0.012,-0.072,9.653,02_00_55_053,0.07,0.77,-0.07,,,,,,,,,,,,,,,,,,
2.02101E+13,35.0119,02_00_55_062,-0.045,-0.112,9.667,02_00_55_063,0.07,0.77,-0.07,,,,,,,,,,,,,,,,,,
2.02101E+13,35.0119,02_00_55_072,-0.045,-0.112,9.667,02_00_55_073,-0.07,0.77,-0.07,,,,,,,,,,,,,,,,,,
2.02101E+13,35.0119,02_00_55_082,-0.112,-0.112,9.686,02_00_55_083,-0.07,0.77,-0.07,,,,,,,,,,,,,,,,,,
2.02101E+13,35.0129,02_00_55_092,-0.112,-0.112,9.686,02_00_55_093,-0.07,0.77,-0.07,,,,,,,,,,,,,,,,,,
2.02101E+13,35.0129,02_00_55_102,-0.098,-0.096,9.691,02_00_55_103,0.07,0.77,-0.07,,,,,,,,,,,,,,,,,,
2.02101E+13,35.0129,02_00_55_112,-0.098,-0.096,9.691,02_00_55_113,0.07,0.7,-0.07,,,,,,,,,,,,,,,,,,
2.02101E+13,35.0129,02_00_55_122,-0.081,-0.019,9.686,02_00_55_123,0.07,0.77,-0.07,,,,,,,,,,,,,,,,,,
2.02101E+13,35.0129,02_00_55_132,-0.081,-0.019,9.686,02_00_55_133,0.07,0.77,-0.07,,,,,,,,,,,,,,,,,,
2.02101E+13,35.0129,02_00_55_142,0.005,-0.11,9.677,02_00_55_143,0.07,0.77,-0.07,,,,,,,,,,,,,,,,,,
2.02101E+13,35.0129,02_00_55_151,0.005,-0.11,9.677,02_00_55_152,0.07,0.77,-0.07,,,,,,,,,,,,,,,,,,
2.02101E+13,35.0129,02_00_55_161,-0.053,-0.103,9.71,02_00_55_162,0.14,0.84,-0.07,,,,,,,,,,,,,,,,,,
2.02101E+13,35.0129,02_00_55_171,-0.053,-0.103,9.71,02_00_55_172,0.14,0.84,-0.07,,,,,,,,,,,,,,,,,,
2.02101E+13,35.0129,02_00_55_181,-0.05,-0.062,9.712,02_00_55_182,0.07,0.77,-0.07,,,,,,,,,,,,,,,,,,
2.02101E+13,35.0129,02_00_55_191,-0.05,-0.062,9.712,02_00_55_192,0.07,0.84,-0.07,,,,,,,,,,,,,,,,,,
2.02101E+13,35.0129,02_00_55_201,-0.072,-0.05,9.669,02_00_55_202,0.07,0.84,-0.07,,,,,,,,,,,,,,,,,,
2.02101E+13,35.0129,02_00_55_211,-0.072,-0.05,9.669,02_00_55_212,0.07,0.77,-0.07,,,,,,,,,,,,,,,,,,
2.02101E+13,35.0129,02_00_55_221,-0.036,-0.12,9.696,02_00_55_222,0.07,0.77,-0.07,,,,,,,,,,,,,,,,,,
2.02101E+13,35.0129,02_00_55_231,-0.036,-0.12,9.696,02_00_55_232,0.14,0.77,-0.07,,,,,,,,,,,,,,,,,,
2.02101E+13,35.0129,02_00_55_241,-0.072,-0.098,9.679,02_00_55_242,0.14,0.77,-0.07,,,,,,,,,,,,,,,,,,
2.02101E+13,35.0129,02_00_55_251,-0.072,-0.098,9.679,02_00_55_252,0.14,0.84,-0.07,,,,,,,,,,,,,,,,,,
2.02101E+13,35.0129,02_00_55_261,-0.091,-0.134,9.703,02_00_55_262,0.14,0.77,-0.07,,,,,,,,,,,,,,,,,,
2.02101E+13,35.0129,02_00_55_271,-0.091,-0.134,9.703,02_00_55_272,0.14,0.77,-0.14,,,,,,,,,,,,,,,,,,
2.02101E+13,35.0129,02_00_55_281,-0.036,-0.055,9.698,02_00_55_282,0.14,0.77,-0.07,,,,,,,,,,,,,,,,,,
2.02101E+13,35.0129,02_00_55_291,-0.036,-0.055,9.698,02_00_55_292,0.14,0.7,-0.14,,,,,,,,,,,,,,,,,,
2.02101E+13,35.0129,02_00_55_301,-0.096,-0.115,9.643,02_00_55_302,0.07,0.84,-0.07,,,,,,,,,,,,,,,,,,
2.02101E+13,35.0129,02_00_55_311,-0.096,-0.115,9.643,02_00_55_312,0.07,0.77,-0.07,,,,,,,,,,,,,,,,,,
2.02101E+13,35.0129,02_00_55_321,-0.091,-0.081,9.686,02_00_55_322,0.07,0.7,-0.07,,,,,,,,,,,,,,,,,,
2.02101E+13,35.0129,02_00_55_331,-0.091,-0.081,9.686,02_00_55_332,0.07,0.77,-0.07,,,,,,,,,,,,,,,,,,
2.02101E+13,35.0129,02_00_55_341,-0.156,-0.065,9.684,02_00_55_342,0.07,0.84,-0.07,,,,,,,,,,,,,,,,,,
2.02101E+13,35.0129,02_00_55_351,-0.156,-0.065,9.684,02_00_55_352,0.07,0.77,-0.07,,,,,,,,,,,,,,,,,,
2.02101E+13,35.0129,02_00_55_361,-0.091,-0.067,9.727,02_00_55_362,0.07,0.84,-0.07,,,,,,,,,,,,,,,,,,
2.02101E+13,35.0129,02_00_55_371,-0.091,-0.067,9.727,02_00_55_372,0.07,0.84,-0.07,,,,,,,,,,,,,,,,,,
2.02101E+13,35.0129,02_00_55_380,-0.067,-0.108,9.665,02_00_55_381,0.07,0.77,-0.07,,,,,,,,,,,,,,,,,,
2.02101E+13,35.0129,02_00_55_390,-0.067,-0.108,9.665,02_00_55_391,0.14,0.77,-0.07,,,,,,,,,,,,,,,,,,
2.02101E+13,35.0129,02_00_55_400,-0.029,-0.089,9.686,02_00_55_401,0.14,0.77,-0.07,,,,,,,,,,,,,,,,,,
2.02101E+13,35.0129,02_00_55_410,-0.029,-0.089,9.686,02_00_55_411,0.14,0.77,-0.07,,,,,,,,,,,,,,,,,,
2.02101E+13,35.0129,02_00_55_420,-0.017,-0.103,9.65,02_00_55_421,-0.07,0.77,-0.07,,,,,,,,,,,,,,,,,,
2.02101E+13,35.0129,02_00_55_430,-0.017,-0.103,9.65,02_00_55_431,-0.07,0.77,-0.07,,,,,,,,,,,,,,,,,,
2.02101E+13,35.0129,02_00_55_440,-0.117,-0.108,9.696,02_00_55_441,-0.07,0.84,-0.07,,,,,,,,,,,,,,,,,,
2.02101E+13,35.0129,02_00_55_450,-0.117,-0.108,9.696,02_00_55_451,-0.07,0.84,-0.07,,,,,,,,,,,,,,,,,,
2.02101E+13,35.0129,02_00_55_460,-0.112,-0.139,9.689,02_00_55_461,-0.07,0.77,-0.07,,,,,,,,,,,,,,,,,,
2.02101E+13,35.0129,02_00_55_470,-0.112,-0.139,9.689,02_00_55_471,-0.07,0.77,-0.07,,,,,,,,,,,,,,,,,,
2.02101E+13,35.0129,02_00_55_480,-0.048,-0.062,9.681,02_00_55_481,-0.07,0.77,-0.07,,,,,,,,,,,,,,,,,,
2.02101E+13,35.0129,02_00_55_490,-0.048,-0.062,9.681,02_00_55_491,0.07,0.77,-0.07,,,,,,,,,,,,,,,,,,
2.02101E+13,35.0129,02_00_55_500,-0.134,-0.134,9.698,02_00_55_501,0.07,0.84,-0.07,,,,,,,,,,,,,,,,,,
2.02101E+13,35.0129,02_00_55_510,-0.134,-0.134,9.698,02_00_55_511,0.07,0.77,-0.07,,,,,,,,,,,,,,,,,,
2.02101E+13,35.0129,02_00_55_520,-0.05,-0.1,9.715,02_00_55_521,0.21,0.77,-0.07,,,,,,,,,,,,,,,,,,
2.02101E+13,35.0129,02_00_55_530,-0.05,-0.1,9.715,02_00_55_531,0.21,0.77,-0.07,,,,,,,,,,,,,,,,,,
2.02101E+13,35.0129,02_00_55_540,-0.067,-0.112,9.701,02_00_55_541,0.07,0.84,-0.07,,,,,,,,,,,,,,,,,,
2.02101E+13,35.0129,02_00_55_550,-0.067,-0.112,9.701,02_00_55_551,0.07,0.77,-0.07,,,,,,,,,,,,,,,,,,
2.02101E+13,35.0129,02_00_55_560,-0.127,-0.089,9.619,02_00_55_561,0.07,0.77,-0.07,,,,,,,,,,,,,,,,,,
2.02101E+13,35.0129,02_00_55_570,-0.127,-0.089,9.619,02_00_55_571,0.07,0.84,-0.07,,,,,,,,,,,,,,,,,,
2.02101E+13,35.0129,02_00_55_580,-0.067,-0.074,9.691,02_00_55_581,0.07,0.84,-0.07,,,,,,,,,,,,,,,,,,
2.02101E+13,35.0129,02_00_55_590,-0.067,-0.074,9.691,02_00_55_591,0.07,0.77,-0.07,,,,,,,,,,,,,,,,,,
2.02101E+13,35.0129,02_00_55_599,-0.12,-0.11,9.653,02_00_55_600,0.14,0.77,-0.07,,,,,,,,,,,,,,,,,,
2.02101E+13,35.0129,02_00_55_609,-0.12,-0.11,9.653,02_00_55_610,0.14,0.84,-0.07,,,,,,,,,,,,,,,,,,
2.02101E+13,35.0129,02_00_55_619,-0.057,-0.069,9.655,02_00_55_620,0.14,0.84,-0.07,,,,,,,,,,,,,,,,,,
2.02101E+13,35.0129,02_00_55_629,-0.057,-0.069,9.655,02_00_55_630,0.14,0.84,-0.07,,,,,,,,,,,,,,,,,,
2.02101E+13,35.0129,02_00_55_639,-0.117,-0.096,9.746,02_00_55_640,0.14,0.84,-0.07,,,,,,,,,,,,,,,,,,
2.02101E+13,35.0129,02_00_55_649,-0.117,-0.096,9.746,02_00_55_650,0.14,0.84,-0.07,,,,,,,,,,,,,,,,,,
2.02101E+13,35.0129,02_00_55_659,-0.072,-0.11,9.677,02_00_55_660,0.07,0.77,-0.07,,,,,,,,,,,,,,,,,,
2.02101E+13,35.0129,02_00_55_669,-0.072,-0.11,9.677,02_00_55_670,0.07,0.77,-0.07,,,,,,,,,,,,,,,,,,
2.02101E+13,35.0129,02_00_55_679,-0.069,-0.134,9.701,02_00_55_680,0.07,0.77,-0.07,,,,,,,,,,,,,,,,,,
2.02101E+13,35.0129,02_00_55_689,-0.069,-0.134,9.701,02_00_55_690,0.14,0.77,-0.07,,,,,,,,,,,,,,,,,,
2.02101E+13,35.0129,02_00_55_699,-0.057,-0.072,9.672,02_00_55_700,0.14,0.7,-0.07,,,,,,,,,,,,,,,,,,
2.02101E+13,35.0129,02_00_55_709,-0.057,-0.072,9.672,02_00_55_710,0.14,0.77,-0.07,,,,,,,,,,,,,,,,,,
2.02101E+13,35.0129,02_00_55_719,-0.057,-0.093,9.681,02_00_55_720,0.07,0.77,-0.07,,,,,,,,,,,,,,,,,,
2.02101E+13,35.0129,02_00_55_729,-0.057,-0.093,9.681,02_00_55_730,0.07,0.77,-0.07,,,,,,,,,,,,,,,,,,
2.02101E+13,35.0129,02_00_55_739,-0.079,-0.053,9.705,02_00_55_740,0.07,0.77,-0.07,,,,,,,,,,,,,,,,,,
2.02101E+13,35.0129,02_00_55_749,-0.079,-0.053,9.705,02_00_55_750,0.07,0.77,-0.07,,,,,,,,,,,,,,,,,,
2.02101E+13,35.0129,02_00_55_759,-0.029,-0.124,9.655,02_00_55_760,0.07,0.77,-0.07,,,,,,,,,,,,,,,,,,
2.02101E+13,35.0129,02_00_55_769,-0.029,-0.124,9.655,02_00_55_770,0.07,0.77,-0.07,,,,,,,,,,,,,,,,,,
2.02101E+13,35.0129,02_00_55_779,-0.048,-0.103,9.655,02_00_55_780,0.07,0.77,-0.07,,,,,,,,,,,,,,,,,,
2.02101E+13,35.0129,02_00_55_789,-0.048,-0.103,9.655,02_00_55_790,-0.07,0.77,-0.07,,,,,,,,,,,,,,,,,,
2.02101E+13,35.0129,02_00_55_799,-0.072,-0.089,9.686,02_00_55_800,0.07,0.77,-0.07,,,,,,,,,,,,,,,,,,
2.02101E+13,35.0129,02_00_55_809,-0.072,-0.089,9.686,02_00_55_810,0.07,0.77,-0.07,,,,,,,,,,,,,,,,,,
2.02101E+13,35.0129,02_00_55_819,-0.05,-0.062,9.698,02_00_55_820,0.07,0.77,-0.07,,,,,,,,,,,,,,,,,,
2.02101E+13,35.0129,02_00_55_828,-0.05,-0.062,9.698,02_00_55_829,0.07,0.77,-0.07,,,,,,,,,,,,,,,,,,
2.02101E+13,35.0129,02_00_55_838,-0.062,-0.175,9.677,02_00_55_839,0.07,0.77,-0.07,,,,,,,,,,,,,,,,,,
2.02101E+13,35.0129,02_00_55_848,-0.062,-0.175,9.677,02_00_55_849,0.14,0.77,-0.07,,,,,,,,,,,,,,,,,,
2.02101E+13,35.0129,02_00_55_858,-0.043,-0.067,9.657,02_00_55_859,0.07,0.77,-0.07,,,,,,,,,,,,,,,,,,
2.02101E+13,35.0129,02_00_55_868,-0.043,-0.067,9.657,02_00_55_869,0.07,0.77,-0.07,,,,,,,,,,,,,,,,,,
2.02101E+13,35.0129,02_00_55_878,-0.132,-0.069,9.677,02_00_55_879,0.07,0.77,-0.07,,,,,,,,,,,,,,,,,,
2.02101E+13,35.0129,02_00_55_888,-0.132,-0.069,9.677,02_00_55_889,0.07,0.77,-0.07,,,,,,,,,,,,,,,,,,
2.02101E+13,35.0139,02_00_55_898,-0.074,-0.067,9.689,02_00_55_899,0.14,0.77,-0.07,,,,,,,,,,,,,,,,,,
2.02101E+13,35.0139,02_00_55_908,-0.074,-0.067,9.689,02_00_55_909,0.14,0.77,-0.07,,,,,,,,,,,,,,,,,,
2.02101E+13,35.0139,02_00_55_918,-0.108,-0.1,9.727,02_00_55_919,0.07,0.77,-0.07,,,,,,,,,,,,,,,,,,
2.02101E+13,35.0139,02_00_55_928,-0.108,-0.1,9.727,02_00_55_929,0.07,-0.77,0.07,,,,,,,,,,,,,,,,,,
2.02101E+13,35.0139,02_00_55_938,-0.11,-0.038,9.693,02_00_55_939,-0.14,0.84,-0.07,,,,,,,,,,,,,,,,,,
2.02101E+13,35.0139,02_00_55_948,-0.122,-0.093,9.689,02_00_55_949,0.07,0.77,-0.07,,,,,,,,,,,,,,,,,,
2.02101E+13,35.0139,02_00_55_958,-0.122,-0.093,9.689,02_00_55_959,0.07,0.77,-0.07,,,,,,,,,,,,,,,,,,
2.02101E+13,35.0139,02_00_55_968,-0.122,-0.093,9.689,02_00_55_969,0.07,0.84,-0.07,,,,,,,,,,,,,,,,,,
2.02101E+13,35.0139,02_00_55_978,-0.065,-0.086,9.667,02_00_55_979,0.07,0.84,-0.07,,,,,,,,,,,,,,,,,,
2.02101E+13,35.0139,02_00_55_988,-0.053,-0.108,9.734,02_00_55_989,0.07,0.77,-0.07,,,,,,,,,,,,,,,,,,
2.02101E+13,35.0139,02_00_55_998,-0.053,-0.108,9.734,02_00_55_999,0.07,0.77,-0.07,,,,,,,,,,,,,,,,,,
2.02101E+13,35.0139,02_00_56_008,-0.115,-0.105,9.631,02_00_56_009,0.07,0.84,-0.07,,,,,,,,,,,,,,,,,,
2.02101E+13,35.0139,02_00_56_018,-0.115,-0.105,9.631,02_00_56_019,0.07,0.84,-0.07,,,,,,,,,,,,,,,,,,
2.02101E+13,35.0139,02_00_56_028,-0.084,-0.06,9.698,02_00_56_029,0.07,0.77,-0.07,,,,,,,,,,,,,,,,,,
2.02101E+13,35.0139,02_00_56_038,-0.084,-0.06,9.698,02_00_56_039,0.14,0.77,-0.07,,,,,,,,,,,,,,,,,,
2.02101E+13,35.0139,02_00_56_048,-0.048,-0.048,9.631,02_00_56_049,0.07,0.84,-0.07,,,,,,,,,,,,,,,,,,
2.02101E+13,35.0139,02_00_56_057,-0.048,-0.048,9.631,02_00_56_058,0.07,0.84,-0.07,,,,,,,,,,,,,,,,,,
2.02101E+13,35.0139,02_00_56_067,-0.072,-0.098,9.705,02_00_56_068,0.07,0.77,-0.07,,,,,,,,,,,,,,,,,,
2.02101E+13,35.0139,02_00_56_077,-0.072,-0.098,9.705,02_00_56_078,0.07,0.77,-0.07,,,,,,,,,,,,,,,,,,
2.02101E+13,35.0139,02_00_56_087,-0.091,-0.12,9.617,02_00_56_088,0.07,0.77,-0.07,,,,,,,,,,,,,,,,,,
2.02101E+13,35.0139,02_00_56_097,-0.091,-0.12,9.617,02_00_56_098,0.07,0.77,-0.07,,,,,,,,,,,,,,,,,,
2.02101E+13,35.0139,02_00_56_107,-0.062,-0.079,9.662,02_00_56_108,0.07,0.77,-0.14,,,,,,,,,,,,,,,,,,
2.02101E+13,35.0139,02_00_56_117,-0.062,-0.079,9.662,02_00_56_118,0.07,0.77,-0.07,,,,,,,,,,,,,,,,,,
2.02101E+13,35.0139,02_00_56_127,-0.132,-0.103,9.629,02_00_56_128,0.07,0.7,-0.07,,,,,,,,,,,,,,,,,,
2.02101E+13,35.0139,02_00_56_137,-0.132,-0.103,9.629,02_00_56_138,-0.07,0.77,-0.07,,,,,,,,,,,,,,,,,,
2.02101E+13,35.0139,02_00_56_147,-0.038,-0.093,9.643,02_00_56_148,-0.07,0.84,-0.07,,,,,,,,,,,,,,,,,,
2.02101E+13,35.0139,02_00_56_157,-0.038,-0.093,9.643,02_00_56_158,0.07,0.77,-0.07,,,,,,,,,,,,,,,,,,
2.02101E+13,35.0139,02_00_56_167,-0.141,-0.098,9.686,02_00_56_168,0.07,0.77,-0.07,,,,,,,,,,,,,,,,,,
2.02101E+13,35.0139,02_00_56_177,-0.141,-0.098,9.686,02_00_56_178,0.07,0.84,-0.07,,,,,,,,,,,,,,,,,,
2.02101E+13,35.0139,02_00_56_187,-0.093,-0.072,9.679,02_00_56_188,0.07,0.84,-0.07,,,,,,,,,,,,,,,,,,
2.02101E+13,35.0139,02_00_56_197,-0.093,-0.072,9.679,02_00_56_198,-0.07,0.84,-0.14,,,,,,,,,,,,,,,,,,
2.02101E+13,35.0139,02_00_56_207,-0.105,-0.129,9.712,02_00_56_208,-0.07,0.77,-0.07,,,,,,,,,,,,,,,,,,
2.02101E+13,35.0139,02_00_56_217,-0.105,-0.129,9.712,02_00_56_218,0.07,0.77,-0.07,,,,,,,,,,,,,,,,,,
2.02101E+13,35.0139,02_00_56_227,-0.086,-0.127,9.655,02_00_56_228,0.07,0.84,-0.07,,,,,,,,,,,,,,,,,,
2.02101E+13,35.0139,02_00_56_237,-0.086,-0.127,9.655,02_00_56_238,0.14,0.77,-0.07,,,,,,,,,,,,,,,,,,
2.02101E+13,35.0139,02_00_56_247,-0.091,-0.1,9.691,02_00_56_248,0.07,0.77,-0.07,,,,,,,,,,,,,,,,,,
2.02101E+13,35.0139,02_00_56_257,-0.091,-0.1,9.691,02_00_56_258,0.07,0.77,-0.07,,,,,,,,,,,,,,,,,,
2.02101E+13,35.0139,02_00_56_267,-0.091,-0.129,9.696,02_00_56_268,0.07,0.77,-0.07,,,,,,,,,,,,,,,,,,
2.02101E+13,35.0139,02_00_56_277,-0.091,-0.129,9.696,02_00_56_278,0.07,0.77,-0.07,,,,,,,,,,,,,,,,,,
2.02101E+13,35.0139,02_00_56_287,-0.069,-0.108,9.691,02_00_56_288,0.07,0.77,-0.07,,,,,,,,,,,,,,,,,,
2.02101E+13,35.0139,02_00_56_296,-0.069,-0.108,9.691,02_00_56_297,0.07,0.77,-0.07,,,,,,,,,,,,,,,,,,
2.02101E+13,35.0139,02_00_56_306,-0.048,-0.129,9.681,02_00_56_307,0.07,0.77,-0.07,,,,,,,,,,,,,,,,,,
2.02101E+13,35.0139,02_00_56_316,-0.048,-0.129,9.681,02_00_56_317,0.07,0.7,-0.07,,,,,,,,,,,,,,,,,,
2.02101E+13,35.0139,02_00_56_326,-0.079,-0.086,9.626,02_00_56_327,0.07,0.77,-0.07,,,,,,,,,,,,,,,,,,
2.02101E+13,35.0139,02_00_56_336,-0.079,-0.086,9.626,02_00_56_337,0.14,0.77,-0.07,,,,,,,,,,,,,,,,,,
2.02101E+13,35.0139,02_00_56_346,-0.134,-0.062,9.66,02_00_56_347,0.07,0.84,-0.07,,,,,,,,,,,,,,,,,,
2.02101E+13,35.0139,02_00_56_356,-0.134,-0.062,9.66,02_00_56_357,0.07,0.84,-0.07,,,,,,,,,,,,,,,,,,
2.02101E+13,35.0139,02_00_56_366,-0.089,-0.062,9.617,02_00_56_367,0.07,0.77,-0.07,,,,,,,,,,,,,,,,,,
2.02101E+13,35.0139,02_00_56_376,-0.089,-0.062,9.617,02_00_56_377,0.07,0.77,-0.07,,,,,,,,,,,,,,,,,,
2.02101E+13,35.0139,02_00_56_386,-0.098,-0.167,9.686,02_00_56_387,0.07,0.84,-0.07,,,,,,,,,,,,,,,,,,
2.02101E+13,35.0139,02_00_56_396,-0.098,-0.167,9.686,02_00_56_397,0.07,0.77,-0.07,,,,,,,,,,,,,,,,,,
2.02101E+13,35.0139,02_00_56_406,-0.062,-0.055,9.677,02_00_56_407,0.07,0.77,-0.07,,,,,,,,,,,,,,,,,,
2.02101E+13,35.0139,02_00_56_416,-0.062,-0.055,9.677,02_00_56_417,0.07,0.77,-0.07,,,,,,,,,,,,,,,,,,
2.02101E+13,35.0139,02_00_56_426,-0.117,-0.05,9.672,02_00_56_427,0.07,0.84,-0.07,,,,,,,,,,,,,,,,,,
2.02101E+13,35.0139,02_00_56_436,-0.117,-0.05,9.672,02_00_56_437,0.07,0.77,-0.07,,,,,,,,,,,,,,,,,,
2.02101E+13,35.0139,02_00_56_446,-0.089,-0.057,9.698,02_00_56_447,0.07,0.77,-0.07,,,,,,,,,,,,,,,,,,
2.02101E+13,35.0139,02_00_56_456,-0.089,-0.057,9.698,02_00_56_457,0.07,0.77,-0.07,,,,,,,,,,,,,,,,,,
2.02101E+13,35.0139,02_00_56_466,-0.105,-0.122,9.638,02_00_56_467,0.07,0.77,-0.07,,,,,,,,,,,,,,,,,,
2.02101E+13,35.0139,02_00_56_476,-0.105,-0.122,9.638,02_00_56_477,0.07,0.77,-0.07,,,,,,,,,,,,,,,,,,
2.02101E+13,35.0139,02_00_56_486,-0.048,-0.067,9.681,02_00_56_487,0.07,0.77,-0.07,,,,,,,,,,,,,,,,,,
2.02101E+13,35.0139,02_00_56_496,-0.048,-0.067,9.681,02_00_56_497,0.07,0.77,-0.07,,,,,,,,,,,,,,,,,,
2.02101E+13,35.0139,02_00_56_506,-0.093,-0.134,9.684,02_00_56_507,0.07,0.77,-0.07,,,,,,,,,,,,,,,,,,
2.02101E+13,35.0139,02_00_56_516,-0.093,-0.134,9.684,02_00_56_517,0.07,0.7,-0.07,,,,,,,,,,,,,,,,,,
2.02101E+13,35.0139,02_00_56_526,-0.072,-0.01,9.679,02_00_56_527,0.07,0.7,-0.07,,,,,,,,,,,,,,,,,,
2.02101E+13,35.0139,02_00_56_536,-0.072,-0.01,9.679,02_00_56_537,0.07,0.77,-0.07,,,,,,,,,,,,,,,,,,
2.02101E+13,35.0139,02_00_56_545,-0.043,-0.074,9.662,02_00_56_546,0.07,0.77,-0.07,,,,,,,,,,,,,,,,,,
2.02101E+13,35.0139,02_00_56_555,-0.043,-0.074,9.662,02_00_56_556,-0.07,0.77,-0.07,,,,,,,,,,,,,,,,,,
2.02101E+13,35.0139,02_00_56_565,-0.002,-0.129,9.705,02_00_56_566,-0.07,0.77,-0.07,,,,,,,,,,,,,,,,,,
2.02101E+13,35.0139,02_00_56_575,-0.002,-0.129,9.705,02_00_56_576,-0.07,0.77,-0.07,,,,,,,,,,,,,,,,,,
2.02101E+13,35.0139,02_00_56_585,-0.053,-0.134,9.684,02_00_56_586,-0.07,0.84,-0.07,,,,,,,,,,,,,,,,,,
2.02101E+13,35.0139,02_00_56_595,-0.053,-0.134,9.684,02_00_56_596,0.07,0.84,-0.07,,,,,,,,,,,,,,,,,,
2.02101E+13,35.0139,02_00_56_605,-0.017,-0.124,9.662,02_00_56_606,0.07,0.84,-0.14,,,,,,,,,,,,,,,,,,
2.02101E+13,35.0139,02_00_56_615,-0.017,-0.124,9.662,02_00_56_616,0.07,0.77,-0.14,,,,,,,,,,,,,,,,,,
2.02101E+13,35.0139,02_00_56_625,-0.093,-0.057,9.655,02_00_56_626,0.07,0.84,-0.07,,,,,,,,,,,,,,,,,,
2.02101E+13,35.0139,02_00_56_635,-0.093,-0.057,9.655,02_00_56_636,0.07,0.84,-0.14,,,,,,,,,,,,,,,,,,
2.02101E+13,35.0139,02_00_56_645,-0.105,-0.136,9.708,02_00_56_646,0.07,0.84,-0.14,,,,,,,,,,,,,,,,,,
2.02101E+13,35.0139,02_00_56_655,-0.105,-0.136,9.708,02_00_56_656,0.07,0.84,-0.07,,,,,,,,,,,,,,,,,,
2.02101E+13,35.0139,02_00_56_665,-0.067,-0.201,9.705,02_00_56_666,0.07,0.77,-0.07,,,,,,,,,,,,,,,,,,
2.02101E+13,35.0139,02_00_56_675,-0.067,-0.201,9.705,02_00_56_676,0.07,0.77,-0.07,,,,,,,,,,,,,,,,,,
2.02101E+13,35.0139,02_00_56_685,-0.057,-0.096,9.665,02_00_56_686,0.14,0.77,-0.07,,,,,,,,,,,,,,,,,,
2.02101E+13,35.0139,02_00_56_695,-0.057,-0.096,9.665,02_00_56_696,-0.07,0.77,-0.07,,,,,,,,,,,,,,,,,,
2.02101E+13,35.0139,02_00_56_705,-0.1,-0.077,9.705,02_00_56_706,0.07,0.7,-0.07,,,,,,,,,,,,,,,,,,
2.02101E+13,35.0139,02_00_56_715,-0.1,-0.077,9.705,02_00_56_716,0.07,0.77,-0.07,,,,,,,,,,,,,,,,,,
2.02101E+13,35.0139,02_00_56_725,-0.112,-0.139,9.701,02_00_56_726,0.07,0.84,-0.07,,,,,,,,,,,,,,,,,,
2.02101E+13,35.0139,02_00_56_735,-0.112,-0.139,9.701,02_00_56_736,0.07,0.77,-0.07,,,,,,,,,,,,,,,,,,
2.02101E+13,35.0149,02_00_56_745,-0.062,-0.117,9.708,02_00_56_746,0.07,0.77,-0.07,,,,,,,,,,,,,,,,,,
2.02101E+13,35.0149,02_00_56_755,-0.062,-0.117,9.708,02_00_56_756,0.07,0.77,-0.07,,,,,,,,,,,,,,,,,,
2.02101E+13,35.0149,02_00_56_765,-0.072,-0.1,9.677,02_00_56_766,0.07,0.77,-0.07,,,,,,,,,,,,,,,,,,
2.02101E+13,35.0149,02_00_56_774,-0.072,-0.1,9.677,02_00_56_775,0.07,0.84,-0.07,,,,,,,,,,,,,,,,,,
2.02101E+13,35.0149,02_00_56_784,-0.098,-0.122,9.679,02_00_56_785,0.07,0.77,-0.07,,,,,,,,,,,,,,,,,,
2.02101E+13,35.0149,02_00_56_794,-0.098,-0.122,9.679,02_00_56_795,0.07,0.77,-0.07,,,,,,,,,,,,,,,,,,
2.02101E+13,35.0149,02_00_56_804,-0.05,-0.11,9.689,02_00_56_805,0.14,0.84,-0.07,,,,,,,,,,,,,,,,,,
2.02101E+13,35.0149,02_00_56_814,-0.05,-0.11,9.689,02_00_56_815,0.14,0.77,-0.07,,,,,,,,,,,,,,,,,,
2.02101E+13,35.0149,02_00_56_824,-0.017,-0.144,9.72,02_00_56_825,0.14,0.77,-0.07,,,,,,,,,,,,,,,,,,
2.02101E+13,35.0149,02_00_56_834,-0.017,-0.144,9.72,02_00_56_835,0.07,0.84,-0.07,,,,,,,,,,,,,,,,,,
2.02101E+13,35.0149,02_00_56_844,-0.038,-0.103,9.655,02_00_56_845,0.07,0.84,-0.07,,,,,,,,,,,,,,,,,,
2.02101E+13,35.0149,02_00_56_854,-0.038,-0.103,9.655,02_00_56_855,0.07,0.84,-0.07,,,,,,,,,,,,,,,,,,
2.02101E+13,35.0149,02_00_56_864,-0.091,-0.065,9.679,02_00_56_865,0.07,0.84,-0.07,,,,,,,,,,,,,,,,,,
2.02101E+13,35.0149,02_00_56_874,-0.091,-0.065,9.679,02_00_56_875,0.07,0.84,-0.14,,,,,,,,,,,,,,,,,,
2.02101E+13,35.0149,02_00_56_884,-0.081,-0.038,9.626,02_00_56_885,0.07,0.77,-0.14,,,,,,,,,,,,,,,,,,
2.02101E+13,35.0149,02_00_56_894,-0.081,-0.038,9.626,02_00_56_895,0.07,0.77,-0.07,,,,,,,,,,,,,,,,,,
2.02101E+13,35.0149,02_00_56_904,-0.112,-0.093,9.662,02_00_56_905,0.07,0.77,-0.07,,,,,,,,,,,,,,,,,,
2.02101E+13,35.0149,02_00_56_914,-0.112,-0.093,9.662,02_00_56_915,0.07,0.77,-0.07,,,,,,,,,,,,,,,,,,
2.02101E+13,35.0149,02_00_56_924,-0.129,-0.124,9.698,02_00_56_925,0.07,0.77,-0.07,,,,,,,,,,,,,,,,,,
2.02101E+13,35.0149,02_00_56_934,-0.129,-0.124,9.698,02_00_56_935,0.07,0.77,-0.07,,,,,,,,,,,,,,,,,,
2.02101E+13,35.0149,02_00_56_944,-0.103,-0.108,9.712,02_00_56_945,0.07,0.77,-0.07,,,,,,,,,,,,,,,,,,
2.02101E+13,35.0149,02_00_56_954,-0.103,-0.108,9.712,02_00_56_955,0.14,-0.77,0.07,,,,,,,,,,,,,,,,,,
2.02101E+13,35.0149,02_00_56_964,-0.069,-0.105,9.705,02_00_56_965,0.07,0.7,-0.07,,,,,,,,,,,,,,,,,,
2.02101E+13,35.0149,02_00_56_974,-0.069,-0.105,9.705,02_00_56_975,0.14,-0.7,0.14,,,,,,,,,,,,,,,,,,
2.02101E+13,35.0149,02_00_56_984,-0.045,-0.091,9.672,02_00_56_985,0.14,0.77,-0.07,,,,,,,,,,,,,,,,,,
2.02101E+13,35.0149,02_00_56_994,-0.045,-0.091,9.672,02_00_56_995,0.07,-0.84,-0.07,,,,,,,,,,,,,,,,,,
2.02101E+13,35.0149,02_00_57_003,-0.098,-0.177,9.672,02_00_57_004,0.07,0.77,-0.07,,,,,,,,,,,,,,,,,,
2.02101E+13,35.0149,02_00_57_013,-0.098,-0.177,9.672,02_00_57_014,0.07,-0.77,0.07,,,,,,,,,,,,,,,,,,
2.02101E+13,35.0149,02_00_57_023,-0.031,-0.105,9.66,02_00_57_024,0.07,0.77,-0.07,,,,,,,,,,,,,,,,,,
2.02101E+13,35.0149,02_00_57_033,-0.031,-0.105,9.66,02_00_57_034,0.07,0.77,-0.07,,,,,,,,,,,,,,,,,,
2.02101E+13,35.0149,02_00_57_043,-0.084,-0.072,9.669,02_00_57_044,0.07,0.77,-0.07,,,,,,,,,,,,,,,,,,
2.02101E+13,35.0149,02_00_57_053,-0.005,-0.103,9.679,02_00_57_054,0.07,0.77,-0.07,,,,,,,,,,,,,,,,,,
2.02101E+13,35.0149,02_00_57_063,-0.005,-0.103,9.679,02_00_57_064,0.07,0.77,-0.07,,,,,,,,,,,,,,,,,,
2.02101E+13,35.0149,02_00_57_073,-0.062,-0.136,9.684,02_00_57_074,0.14,0.77,-0.07,,,,,,,,,,,,,,,,,,
2.02101E+13,35.0149,02_00_57_083,-0.062,-0.136,9.684,02_00_57_084,0.07,0.77,-0.07,,,,,,,,,,,,,,,,,,
2.02101E+13,35.0149,02_00_57_093,-0.072,-0.096,9.689,02_00_57_094,0.14,0.77,-0.07,,,,,,,,,,,,,,,,,,
2.02101E+13,35.0149,02_00_57_103,-0.072,-0.096,9.689,02_00_57_104,0.14,0.77,-0.07,,,,,,,,,,,,,,,,,,
2.02101E+13,35.0149,02_00_57_113,-0.084,-0.129,9.701,02_00_57_114,0.07,0.77,-0.14,,,,,,,,,,,,,,,,,,
2.02101E+13,35.0149,02_00_57_123,-0.084,-0.129,9.701,02_00_57_124,0.07,0.77,-0.07,,,,,,,,,,,,,,,,,,
2.02101E+13,35.0149,02_00_57_133,-0.036,-0.096,9.686,02_00_57_134,0.07,0.77,-0.07,,,,,,,,,,,,,,,,,,
2.02101E+13,35.0149,02_00_57_143,-0.036,-0.096,9.686,02_00_57_144,0.07,0.77,-0.07,,,,,,,,,,,,,,,,,,
2.02101E+13,35.0149,02_00_57_153,-0.091,-0.048,9.648,02_00_57_154,0.07,0.77,-0.07,,,,,,,,,,,,,,,,,,
2.02101E+13,35.0149,02_00_57_163,-0.091,-0.048,9.648,02_00_57_164,0.07,0.77,-0.07,,,,,,,,,,,,,,,,,,
2.02101E+13,35.0149,02_00_57_173,-0.065,-0.091,9.655,02_00_57_174,0.14,0.84,-0.07,,,,,,,,,,,,,,,,,,
2.02101E+13,35.0149,02_00_57_183,-0.065,-0.091,9.655,02_00_57_184,0.07,0.77,-0.07,,,,,,,,,,,,,,,,,,
2.02101E+13,35.0149,02_00_57_193,-0.05,-0.062,9.636,02_00_57_194,0.14,0.77,-0.07,,,,,,,,,,,,,,,,,,
2.02101E+13,35.0149,02_00_57_203,-0.05,-0.062,9.636,02_00_57_204,0.14,0.77,-0.14,,,,,,,,,,,,,,,,,,
2.02101E+13,35.0149,02_00_57_213,-0.12,-0.091,9.686,02_00_57_214,0.07,0.84,-0.07,,,,,,,,,,,,,,,,,,
2.02101E+13,35.0149,02_00_57_222,-0.12,-0.091,9.686,02_00_57_223,0.14,0.77,-0.07,,,,,,,,,,,,,,,,,,
2.02101E+13,35.0149,02_00_57_232,-0.026,-0.05,9.677,02_00_57_233,0.07,0.84,-0.07,,,,,,,,,,,,,,,,,,
2.02101E+13,35.0149,02_00_57_242,-0.026,-0.05,9.677,02_00_57_243,0.07,0.77,-0.07,,,,,,,,,,,,,,,,,,
2.02101E+13,35.0149,02_00_57_252,-0.069,-0.105,9.648,02_00_57_253,0.07,0.84,-0.07,,,,,,,,,,,,,,,,,,
2.02101E+13,35.0149,02_00_57_262,-0.069,-0.105,9.648,02_00_57_263,0.07,0.84,-0.07,,,,,,,,,,,,,,,,,,
2.02101E+13,35.0149,02_00_57_272,-0.048,-0.077,9.708,02_00_57_273,0.07,0.77,-0.07,,,,,,,,,,,,,,,,,,
2.02101E+13,35.0149,02_00_57_282,-0.048,-0.077,9.708,02_00_57_283,0.07,0.77,-0.07,,,,,,,,,,,,,,,,,,
2.02101E+13,35.0149,02_00_57_292,-0.103,-0.139,9.645,02_00_57_293,0.07,0.77,-0.07,,,,,,,,,,,,,,,,,,
2.02101E+13,35.0149,02_00_57_302,-0.103,-0.139,9.645,02_00_57_303,0.07,0.84,-0.07,,,,,,,,,,,,,,,,,,
2.02101E+13,35.0149,02_00_57_312,-0.029,-0.096,9.624,02_00_57_313,0.07,0.77,-0.07,,,,,,,,,,,,,,,,,,
2.02101E+13,35.0149,02_00_57_322,-0.029,-0.096,9.624,02_00_57_323,0.07,0.7,-0.07,,,,,,,,,,,,,,,,,,
2.02101E+13,35.0149,02_00_57_332,-0.062,-0.132,9.71,02_00_57_333,0.07,0.77,-0.07,,,,,,,,,,,,,,,,,,
2.02101E+13,35.0149,02_00_57_342,-0.062,-0.132,9.71,02_00_57_343,0.07,0.7,-0.07,,,,,,,,,,,,,,,,,,
2.02101E+13,35.0149,02_00_57_352,-0.041,-0.05,9.701,02_00_57_353,0.07,0.77,-0.07,,,,,,,,,,,,,,,,,,
2.02101E+13,35.0149,02_00_57_362,-0.041,-0.05,9.701,02_00_57_363,0.07,0.7,-0.07,,,,,,,,,,,,,,,,,,
2.02101E+13,35.0149,02_00_57_372,-0.057,-0.117,9.689,02_00_57_373,0.07,0.77,-0.07,,,,,,,,,,,,,,,,,,
2.02101E+13,35.0149,02_00_57_382,-0.057,-0.117,9.689,02_00_57_383,0.07,0.77,-0.07,,,,,,,,,,,,,,,,,,
2.02101E+13,35.0149,02_00_57_392,-0.086,-0.065,9.624,02_00_57_393,0.07,0.77,-0.07,,,,,,,,,,,,,,,,,,
2.02101E+13,35.0149,02_00_57_402,-0.086,-0.065,9.624,02_00_57_403,0.07,0.77,-0.14,,,,,,,,,,,,,,,,,,
2.02101E+13,35.0149,02_00_57_412,0.002,-0.139,9.672,02_00_57_413,0.07,0.77,-0.07,,,,,,,,,,,,,,,,,,
2.02101E+13,35.0149,02_00_57_422,0.002,-0.139,9.672,02_00_57_423,0.07,0.84,-0.07,,,,,,,,,,,,,,,,,,
2.02101E+13,35.0149,02_00_57_432,-0.091,-0.117,9.643,02_00_57_433,0.07,0.77,-0.14,,,,,,,,,,,,,,,,,,
2.02101E+13,35.0149,02_00_57_442,-0.091,-0.117,9.643,02_00_57_443,0.07,0.77,-0.07,,,,,,,,,,,,,,,,,,
2.02101E+13,35.0149,02_00_57_451,-0.031,-0.036,9.681,02_00_57_452,0.07,0.77,-0.07,,,,,,,,,,,,,,,,,,
2.02101E+13,35.0149,02_00_57_461,-0.031,-0.036,9.681,02_00_57_462,0.07,0.84,-0.07,,,,,,,,,,,,,,,,,,
2.02101E+13,35.0149,02_00_57_471,-0.057,-0.122,9.655,02_00_57_472,0.07,0.77,-0.07,,,,,,,,,,,,,,,,,,
2.02101E+13,35.0149,02_00_57_481,-0.057,-0.122,9.655,02_00_57_482,0.07,0.77,-0.07,,,,,,,,,,,,,,,,,,
2.02101E+13,35.0149,02_00_57_491,-0.062,-0.065,9.65,02_00_57_492,0.07,0.77,-0.07,,,,,,,,,,,,,,,,,,
2.02101E+13,35.0149,02_00_57_501,-0.062,-0.065,9.65,02_00_57_502,0.07,0.77,-0.07,,,,,,,,,,,,,,,,,,
2.02101E+13,35.0149,02_00_57_511,-0.077,-0.146,9.693,02_00_57_512,0.07,0.77,-0.07,,,,,,,,,,,,,,,,,,
2.02101E+13,35.0149,02_00_57_521,-0.077,-0.146,9.693,02_00_57_522,0.07,0.7,-0.07,,,,,,,,,,,,,,,,,,
2.02101E+13,35.0149,02_00_57_531,-0.074,-0.081,9.679,02_00_57_532,0.07,0.77,-0.07,,,,,,,,,,,,,,,,,,
2.02101E+13,35.0149,02_00_57_541,-0.074,-0.081,9.679,02_00_57_542,0.07,0.77,-0.07,,,,,,,,,,,,,,,,,,
2.02101E+13,35.0149,02_00_57_551,-0.086,-0.12,9.739,02_00_57_552,0.07,0.84,-0.07,,,,,,,,,,,,,,,,,,
2.02101E+13,35.0149,02_00_57_561,-0.086,-0.12,9.739,02_00_57_562,0.07,0.77,-0.07,,,,,,,,,,,,,,,,,,
2.02101E+13,35.0149,02_00_57_571,-0.127,-0.033,9.679,02_00_57_572,0.07,0.77,-0.07,,,,,,,,,,,,,,,,,,
2.02101E+13,35.0149,02_00_57_581,-0.127,-0.033,9.679,02_00_57_582,0.07,0.77,-0.07,,,,,,,,,,,,,,,,,,
2.02101E+13,35.0149,02_00_57_591,-0.103,-0.086,9.703,02_00_57_592,0.07,0.84,-0.07,,,,,,,,,,,,,,,,,,
2.02101E+13,35.0159,02_00_57_601,-0.103,-0.086,9.703,02_00_57_602,0.07,0.84,-0.07,,,,,,,,,,,,,,,,,,
2.02101E+13,35.0159,02_00_57_611,-0.084,-0.079,9.686,02_00_57_612,0.07,0.77,-0.07,,,,,,,,,,,,,,,,,,
2.02101E+13,35.0159,02_00_57_621,-0.084,-0.079,9.686,02_00_57_622,0.07,0.84,-0.07,,,,,,,,,,,,,,,,,,
2.02101E+13,35.0159,02_00_57_631,-0.084,-0.069,9.662,02_00_57_632,0.07,0.84,-0.07,,,,,,,,,,,,,,,,,,
2.02101E+13,35.0159,02_00_57_641,-0.084,-0.069,9.662,02_00_57_642,0.07,0.77,-0.07,,,,,,,,,,,,,,,,,,
2.02101E+13,35.0159,02_00_57_651,-0.074,-0.11,9.641,02_00_57_652,0.07,0.77,-0.07,,,,,,,,,,,,,,,,,,
2.02101E+13,35.0159,02_00_57_661,-0.074,-0.11,9.641,02_00_57_662,0.14,0.84,-0.07,,,,,,,,,,,,,,,,,,
2.02101E+13,35.0159,02_00_57_671,-0.041,-0.062,9.693,02_00_57_672,0.21,0.77,-0.07,,,,,,,,,,,,,,,,,,
2.02101E+13,35.0159,02_00_57_681,-0.041,-0.062,9.693,02_00_57_682,0.07,0.77,-0.07,,,,,,,,,,,,,,,,,,
2.02101E+13,35.0159,02_00_57_690,-0.057,-0.1,9.677,02_00_57_691,0.07,0.77,-0.07,,,,,,,,,,,,,,,,,,
2.02101E+13,35.0159,02_00_57_700,-0.057,-0.1,9.677,02_00_57_701,0.14,0.77,-0.07,,,,,,,,,,,,,,,,,,
2.02101E+13,35.0159,02_00_57_710,-0.108,-0.089,9.626,02_00_57_711,0.07,0.84,-0.07,,,,,,,,,,,,,,,,,,
2.02101E+13,35.0159,02_00_57_720,-0.108,-0.089,9.626,02_00_57_721,0.07,0.84,-0.07,,,,,,,,,,,,,,,,,,
2.02101E+13,35.0159,02_00_57_730,-0.041,-0.089,9.684,02_00_57_731,0.07,0.77,-0.07,,,,,,,,,,,,,,,,,,
2.02101E+13,35.0159,02_00_57_740,-0.041,-0.089,9.684,02_00_57_741,0.07,0.77,-0.07,,,,,,,,,,,,,,,,,,
2.02101E+13,35.0159,02_00_57_750,-0.096,-0.045,9.66,02_00_57_751,0.07,0.77,-0.07,,,,,,,,,,,,,,,,,,
2.02101E+13,35.0159,02_00_57_760,-0.096,-0.045,9.66,02_00_57_761,0.07,0.7,-0.07,,,,,,,,,,,,,,,,,,
2.02101E+13,35.0159,02_00_57_770,-0.091,-0.091,9.624,02_00_57_771,0.07,0.77,-0.07,,,,,,,,,,,,,,,,,,
2.02101E+13,35.0159,02_00_57_780,-0.091,-0.091,9.624,02_00_57_781,0.07,0.77,-0.07,,,,,,,,,,,,,,,,,,
2.02101E+13,35.0159,02_00_57_790,-0.067,-0.086,9.684,02_00_57_791,0.07,0.77,-0.07,,,,,,,,,,,,,,,,,,
2.02101E+13,35.0159,02_00_57_800,-0.067,-0.086,9.684,02_00_57_801,0.07,0.84,-0.07,,,,,,,,,,,,,,,,,,
2.02101E+13,35.0159,02_00_57_810,-0.074,-0.105,9.693,02_00_57_811,0.07,0.77,-0.07,,,,,,,,,,,,,,,,,,
2.02101E+13,35.0159,02_00_57_820,-0.074,-0.105,9.693,02_00_57_821,0.07,0.77,-0.07,,,,,,,,,,,,,,,,,,
2.02101E+13,35.0159,02_00_57_830,-0.072,-0.05,9.657,02_00_57_831,0.07,0.77,-0.07,,,,,,,,,,,,,,,,,,
2.02101E+13,35.0159,02_00_57_840,-0.072,-0.05,9.657,02_00_57_841,0.07,0.77,-0.07,,,,,,,,,,,,,,,,,,
2.02101E+13,35.0159,02_00_57_850,-0.062,-0.096,9.715,02_00_57_851,0.07,0.77,-0.07,,,,,,,,,,,,,,,,,,
2.02101E+13,35.0159,02_00_57_860,-0.062,-0.096,9.715,02_00_57_861,-0.07,0.77,-0.07,,,,,,,,,,,,,,,,,,
2.02101E+13,35.0159,02_00_57_870,-0.134,-0.065,9.693,02_00_57_871,-0.07,0.77,-0.14,,,,,,,,,,,,,,,,,,
2.02101E+13,35.0159,02_00_57_880,-0.134,-0.065,9.693,02_00_57_881,-0.07,0.84,-0.07,,,,,,,,,,,,,,,,,,
2.02101E+13,35.0159,02_00_57_890,-0.086,-0.077,9.698,02_00_57_891,0.07,0.84,-0.07,,,,,,,,,,,,,,,,,,
2.02101E+13,35.0159,02_00_57_900,-0.086,-0.077,9.698,02_00_57_901,0.07,0.84,-0.07,,,,,,,,,,,,,,,,,,
2.02101E+13,35.0159,02_00_57_910,-0.01,-0.096,9.72,02_00_57_911,0.07,0.77,-0.07,,,,,,,,,,,,,,,,,,
2.02101E+13,35.0159,02_00_57_920,-0.01,-0.096,9.72,02_00_57_921,0.07,0.77,-0.07,,,,,,,,,,,,,,,,,,
2.02101E+13,35.0159,02_00_57_929,-0.05,-0.11,9.66,02_00_57_930,0.07,0.77,-0.07,,,,,,,,,,,,,,,,,,
2.02101E+13,35.0159,02_00_57_939,-0.05,-0.11,9.66,02_00_57_940,0.07,0.77,-0.07,,,,,,,,,,,,,,,,,,
2.02101E+13,35.0159,02_00_57_949,-0.115,-0.05,9.689,02_00_57_950,0.07,0.77,-0.07,,,,,,,,,,,,,,,,,,
2.02101E+13,35.0159,02_00_57_959,-0.115,-0.05,9.689,02_00_57_960,0.07,0.77,-0.14,,,,,,,,,,,,,,,,,,
2.02101E+13,35.0159,02_00_57_969,-0.062,-0.022,9.705,02_00_57_970,0.07,0.77,-0.07,,,,,,,,,,,,,,,,,,
2.02101E+13,35.0159,02_00_57_979,-0.062,-0.022,9.705,02_00_57_980,0.07,0.7,-0.07,,,,,,,,,,,,,,,,,,
2.02101E+13,35.0159,02_00_57_989,-0.05,-0.136,9.689,02_00_57_990,0.07,0.77,-0.07,,,,,,,,,,,,,,,,,,
2.02101E+13,35.0159,02_00_57_999,-0.05,-0.136,9.689,02_00_58_000,0.07,0.7,-0.07,,,,,,,,,,,,,,,,,,
2.02101E+13,35.0159,02_00_58_009,-0.074,-0.103,9.667,02_00_58_010,0.07,0.77,-0.07,,,,,,,,,,,,,,,,,,
2.02101E+13,35.0159,02_00_58_019,-0.074,-0.103,9.667,02_00_58_020,0.07,0.77,-0.07,,,,,,,,,,,,,,,,,,
2.02101E+13,35.0159,02_00_58_029,-0.105,-0.117,9.701,02_00_58_030,0.07,0.77,-0.07,,,,,,,,,,,,,,,,,,
2.02101E+13,35.0159,02_00_58_039,-0.105,-0.117,9.701,02_00_58_040,0.07,-0.77,0.07,,,,,,,,,,,,,,,,,,
2.02101E+13,35.0159,02_00_58_049,-0.091,-0.084,9.653,02_00_58_050,0.07,0.84,-0.07,,,,,,,,,,,,,,,,,,
2.02101E+13,35.0159,02_00_58_059,-0.091,-0.084,9.653,02_00_58_060,-0.07,-0.77,0.07,,,,,,,,,,,,,,,,,,
2.02101E+13,35.0159,02_00_58_069,-0.043,-0.096,9.65,02_00_58_070,0.14,0.77,-0.14,,,,,,,,,,,,,,,,,,
2.02101E+13,35.0159,02_00_58_079,-0.043,-0.096,9.65,02_00_58_080,0.07,0.84,-0.07,,,,,,,,,,,,,,,,,,
2.02101E+13,35.0159,02_00_58_089,-0.026,-0.136,9.677,02_00_58_090,0.07,0.84,-0.07,,,,,,,,,,,,,,,,,,
2.02101E+13,35.0159,02_00_58_099,-0.026,-0.136,9.677,02_00_58_100,0.07,0.84,-0.07,,,,,,,,,,,,,,,,,,
2.02101E+13,35.0159,02_00_58_109,-0.067,-0.103,9.665,02_00_58_110,0.07,0.77,-0.07,,,,,,,,,,,,,,,,,,
2.02101E+13,35.0159,02_00_58_119,-0.045,-0.134,9.645,02_00_58_120,0.07,0.77,-0.07,,,,,,,,,,,,,,,,,,
2.02101E+13,35.0159,02_00_58_129,-0.045,-0.134,9.645,02_00_58_130,0.07,0.77,-0.07,,,,,,,,,,,,,,,,,,
2.02101E+13,35.0159,02_00_58_139,-0.065,-0.069,9.686,02_00_58_140,0.07,0.77,-0.07,,,,,,,,,,,,,,,,,,
2.02101E+13,35.0159,02_00_58_149,-0.065,-0.069,9.686,02_00_58_150,0.07,0.77,-0.07,,,,,,,,,,,,,,,,,,
2.02101E+13,35.0159,02_00_58_158,-0.055,-0.057,9.677,02_00_58_159,0.07,0.77,-0.07,,,,,,,,,,,,,,,,,,
2.02101E+13,35.0159,02_00_58_168,-0.055,-0.057,9.677,02_00_58_169,-0.07,0.77,-0.07,,,,,,,,,,,,,,,,,,
2.02101E+13,35.0159,02_00_58_178,-0.132,-0.031,9.686,02_00_58_179,-0.07,0.77,-0.07,,,,,,,,,,,,,,,,,,
2.02101E+13,35.0159,02_00_58_188,-0.132,-0.031,9.686,02_00_58_189,-0.07,0.84,-0.07,,,,,,,,,,,,,,,,,,
2.02101E+13,35.0159,02_00_58_198,-0.067,-0.127,9.739,02_00_58_199,0.07,0.84,-0.07,,,,,,,,,,,,,,,,,,
2.02101E+13,35.0159,02_00_58_208,-0.067,-0.127,9.739,02_00_58_209,0.07,0.84,-0.07,,,,,,,,,,,,,,,,,,
2.02101E+13,35.0159,02_00_58_218,-0.084,-0.077,9.701,02_00_58_219,0.07,0.77,-0.07,,,,,,,,,,,,,,,,,,
2.02101E+13,35.0159,02_00_58_228,-0.084,-0.077,9.701,02_00_58_229,0.07,0.77,-0.07,,,,,,,,,,,,,,,,,,
2.02101E+13,35.0159,02_00_58_238,-0.072,-0.112,9.669,02_00_58_239,0.07,0.84,-0.07,,,,,,,,,,,,,,,,,,
2.02101E+13,35.0159,02_00_58_248,-0.072,-0.112,9.669,02_00_58_249,0.07,0.77,-0.07,,,,,,,,,,,,,,,,,,
2.02101E+13,35.0159,02_00_58_258,-0.086,-0.06,9.689,02_00_58_259,0.07,0.77,-0.07,,,,,,,,,,,,,,,,,,
2.02101E+13,35.0159,02_00_58_268,-0.086,-0.06,9.689,02_00_58_269,0.14,0.77,-0.07,,,,,,,,,,,,,,,,,,
2.02101E+13,35.0159,02_00_58_278,-0.053,-0.127,9.665,02_00_58_279,0.07,0.84,-0.07,,,,,,,,,,,,,,,,,,
2.02101E+13,35.0159,02_00_58_288,-0.053,-0.127,9.665,02_00_58_289,0.07,0.77,-0.07,,,,,,,,,,,,,,,,,,
2.02101E+13,35.0159,02_00_58_298,-0.072,-0.108,9.662,02_00_58_299,0.07,0.77,-0.07,,,,,,,,,,,,,,,,,,
2.02101E+13,35.0159,02_00_58_308,-0.072,-0.108,9.662,02_00_58_309,0.14,0.77,-0.07,,,,,,,,,,,,,,,,,,
2.02101E+13,35.0159,02_00_58_318,-0.139,-0.038,9.679,02_00_58_319,0.07,0.84,-0.07,,,,,,,,,,,,,,,,,,
2.02101E+13,35.0159,02_00_58_328,-0.139,-0.038,9.679,02_00_58_329,0.07,0.77,-0.14,,,,,,,,,,,,,,,,,,
2.02101E+13,35.0159,02_00_58_338,-0.022,-0.048,9.681,02_00_58_339,0.07,0.77,-0.14,,,,,,,,,,,,,,,,,,
2.02101E+13,35.0159,02_00_58_348,-0.022,-0.048,9.681,02_00_58_349,0.07,0.77,-0.07,,,,,,,,,,,,,,,,,,
2.02101E+13,35.0159,02_00_58_358,-0.036,-0.1,9.71,02_00_58_359,0.07,0.77,-0.07,,,,,,,,,,,,,,,,,,
2.02101E+13,35.0159,02_00_58_368,-0.036,-0.1,9.71,02_00_58_369,0.07,0.77,-0.07,,,,,,,,,,,,,,,,,,
2.02101E+13,35.0159,02_00_58_378,-0.062,-0.081,9.696,02_00_58_379,0.07,0.77,-0.07,,,,,,,,,,,,,,,,,,
2.02101E+13,35.0159,02_00_58_388,-0.062,-0.081,9.696,02_00_58_389,0.07,0.77,-0.07,,,,,,,,,,,,,,,,,,
2.02101E+13,35.0159,02_00_58_398,-0.074,-0.153,9.741,02_00_58_399,0.07,0.77,-0.07,,,,,,,,,,,,,,,,,,
2.02101E+13,35.0159,02_00_58_407,-0.074,-0.153,9.741,02_00_58_408,0.07,0.77,-0.07,,,,,,,,,,,,,,,,,,
2.02101E+13,35.0159,02_00_58_417,-0.081,-0.048,9.693,02_00_58_418,0.07,0.84,-0.07,,,,,,,,,,,,,,,,,,
2.02101E+13,35.0159,02_00_58_427,-0.081,-0.048,9.693,02_00_58_428,0.07,0.77,-0.07,,,,,,,,,,,,,,,,,,
2.02101E+13,35.0159,02_00_58_437,-0.05,-0.086,9.665,02_00_58_438,0.07,0.84,-0.07,,,,,,,,,,,,,,,,,,
2.02101E+13,35.0169,02_00_58_447,-0.05,-0.086,9.665,02_00_58_448,0.07,0.84,-0.07,,,,,,,,,,,,,,,,,,
2.02101E+13,35.0169,02_00_58_457,-0.05,-0.093,9.66,02_00_58_458,0.07,0.84,-0.07,,,,,,,,,,,,,,,,,,
2.02101E+13,35.0169,02_00_58_467,-0.05,-0.093,9.66,02_00_58_468,0.14,0.77,-0.07,,,,,,,,,,,,,,,,,,
2.02101E+13,35.0169,02_00_58_477,-0.112,-0.093,9.691,02_00_58_478,0.07,0.77,-0.07,,,,,,,,,,,,,,,,,,
2.02101E+13,35.0169,02_00_58_487,-0.112,-0.093,9.691,02_00_58_488,0.07,0.84,-0.07,,,,,,,,,,,,,,,,,,
2.02101E+13,35.0169,02_00_58_497,-0.033,-0.134,9.681,02_00_58_498,-0.07,0.77,-0.07,,,,,,,,,,,,,,,,,,
2.02101E+13,35.0169,02_00_58_507,-0.033,-0.134,9.681,02_00_58_508,-0.07,0.77,-0.07,,,,,,,,,,,,,,,,,,
2.02101E+13,35.0169,02_00_58_517,-0.122,-0.033,9.643,02_00_58_518,-0.07,0.84,-0.07,,,,,,,,,,,,,,,,,,
2.02101E+13,35.0169,02_00_58_527,-0.122,-0.033,9.643,02_00_58_528,0.07,0.77,-0.07,,,,,,,,,,,,,,,,,,
2.02101E+13,35.0169,02_00_58_537,-0.086,-0.089,9.657,02_00_58_538,0.07,0.77,-0.07,,,,,,,,,,,,,,,,,,
2.02101E+13,35.0169,02_00_58_547,-0.086,-0.089,9.657,02_00_58_548,0.07,0.77,-0.07,,,,,,,,,,,,,,,,,,
2.02101E+13,35.0169,02_00_58_557,-0.01,-0.175,9.677,02_00_58_558,0.07,0.7,-0.07,,,,,,,,,,,,,,,,,,
2.02101E+13,35.0169,02_00_58_567,-0.01,-0.175,9.677,02_00_58_568,0.14,0.77,-0.07,,,,,,,,,,,,,,,,,,
2.02101E+13,35.0169,02_00_58_577,-0.045,-0.134,9.696,02_00_58_578,0.07,0.7,-0.07,,,,,,,,,,,,,,,,,,
2.02101E+13,35.0169,02_00_58_587,-0.045,-0.134,9.696,02_00_58_588,0.07,0.77,-0.14,,,,,,,,,,,,,,,,,,
2.02101E+13,35.0169,02_00_58_597,-0.1,-0.077,9.66,02_00_58_598,-0.07,0.77,-0.07,,,,,,,,,,,,,,,,,,
2.02101E+13,35.0169,02_00_58_607,-0.1,-0.077,9.66,02_00_58_608,-0.07,0.77,-0.07,,,,,,,,,,,,,,,,,,
2.02101E+13,35.0169,02_00_58_617,-0.103,-0.148,9.732,02_00_58_618,-0.07,0.77,-0.07,,,,,,,,,,,,,,,,,,
2.02101E+13,35.0169,02_00_58_627,-0.103,-0.148,9.732,02_00_58_628,0.07,0.77,-0.07,,,,,,,,,,,,,,,,,,
2.02101E+13,35.0169,02_00_58_636,-0.136,-0.074,9.648,02_00_58_637,0.07,0.77,-0.07,,,,,,,,,,,,,,,,,,
2.02101E+13,35.0169,02_00_58_646,-0.136,-0.074,9.648,02_00_58_647,0.21,0.77,-0.07,,,,,,,,,,,,,,,,,,
2.02101E+13,35.0169,02_00_58_656,-0.033,-0.069,9.693,02_00_58_657,0.07,0.84,-0.07,,,,,,,,,,,,,,,,,,
2.02101E+13,35.0169,02_00_58_666,-0.033,-0.069,9.693,02_00_58_667,0.07,0.77,-0.07,,,,,,,,,,,,,,,,,,
2.02101E+13,35.0169,02_00_58_676,-0.036,-0.11,9.636,02_00_58_677,0.07,0.84,-0.07,,,,,,,,,,,,,,,,,,
2.02101E+13,35.0169,02_00_58_686,-0.036,-0.11,9.636,02_00_58_687,0.07,0.84,-0.07,,,,,,,,,,,,,,,,,,
2.02101E+13,35.0169,02_00_58_696,-0.103,-0.05,9.679,02_00_58_697,0.07,0.84,-0.07,,,,,,,,,,,,,,,,,,
2.02101E+13,35.0169,02_00_58_706,-0.103,-0.05,9.679,02_00_58_707,0.07,0.77,-0.07,,,,,,,,,,,,,,,,,,
2.02101E+13,35.0169,02_00_58_716,-0.153,-0.05,9.648,02_00_58_717,0.07,0.77,-0.07,,,,,,,,,,,,,,,,,,
2.02101E+13,35.0169,02_00_58_726,-0.153,-0.05,9.648,02_00_58_727,0.07,0.77,-0.14,,,,,,,,,,,,,,,,,,
2.02101E+13,35.0169,02_00_58_736,-0.033,-0.084,9.679,02_00_58_737,0.07,0.7,-0.07,,,,,,,,,,,,,,,,,,
2.02101E+13,35.0169,02_00_58_746,-0.033,-0.084,9.679,02_00_58_747,0.14,0.77,-0.07,,,,,,,,,,,,,,,,,,
2.02101E+13,35.0169,02_00_58_756,-0.019,-0.091,9.734,02_00_58_757,0.07,0.77,-0.07,,,,,,,,,,,,,,,,,,
2.02101E+13,35.0169,02_00_58_766,-0.019,-0.091,9.734,02_00_58_767,0.07,0.77,-0.07,,,,,,,,,,,,,,,,,,
2.02101E+13,35.0169,02_00_58_776,-0.182,-0.129,9.669,02_00_58_777,-0.07,0.77,-0.07,,,,,,,,,,,,,,,,,,
2.02101E+13,35.0169,02_00_58_786,-0.182,-0.129,9.669,02_00_58_787,0.07,0.77,-0.07,,,,,,,,,,,,,,,,,,
2.02101E+13,35.0169,02_00_58_796,-0.089,-0.043,9.665,02_00_58_797,0.07,0.77,-0.07,,,,,,,,,,,,,,,,,,
2.02101E+13,35.0169,02_00_58_806,-0.089,-0.043,9.665,02_00_58_807,0.07,0.77,-0.07,,,,,,,,,,,,,,,,,,
2.02101E+13,35.0169,02_00_58_816,-0.093,-0.091,9.677,02_00_58_817,0.14,0.77,-0.07,,,,,,,,,,,,,,,,,,
2.02101E+13,35.0169,02_00_58_826,-0.093,-0.091,9.677,02_00_58_827,0.07,0.77,-0.07,,,,,,,,,,,,,,,,,,
2.02101E+13,35.0169,02_00_58_836,-0.136,-0.057,9.643,02_00_58_837,0.07,0.77,-0.07,,,,,,,,,,,,,,,,,,
2.02101E+13,35.0169,02_00_58_846,-0.136,-0.057,9.643,02_00_58_847,0.07,0.77,-0.07,,,,,,,,,,,,,,,,,,
2.02101E+13,35.0169,02_00_58_856,-0.053,-0.086,9.665,02_00_58_857,0.14,0.84,-0.07,,,,,,,,,,,,,,,,,,
2.02101E+13,35.0169,02_00_58_866,-0.053,-0.086,9.665,02_00_58_867,0.07,0.84,-0.07,,,,,,,,,,,,,,,,,,
2.02101E+13,35.0169,02_00_58_875,-0.093,-0.072,9.657,02_00_58_876,0.14,0.77,-0.07,,,,,,,,,,,,,,,,,,
2.02101E+13,35.0169,02_00_58_885,-0.093,-0.072,9.657,02_00_58_886,0.07,0.77,-0.07,,,,,,,,,,,,,,,,,,
2.02101E+13,35.0169,02_00_58_895,-0.089,-0.086,9.681,02_00_58_896,0.07,0.77,-0.07,,,,,,,,,,,,,,,,,,
2.02101E+13,35.0169,02_00_58_905,-0.089,-0.086,9.681,02_00_58_906,0.07,0.84,-0.07,,,,,,,,,,,,,,,,,,
2.02101E+13,35.0169,02_00_58_915,-0.089,-0.103,9.701,02_00_58_916,0.07,0.77,-0.07,,,,,,,,,,,,,,,,,,
2.02101E+13,35.0169,02_00_58_925,-0.089,-0.103,9.701,02_00_58_926,0.07,0.77,-0.07,,,,,,,,,,,,,,,,,,
2.02101E+13,35.0169,02_00_58_935,-0.086,-0.151,9.677,02_00_58_936,0.07,0.84,-0.07,,,,,,,,,,,,,,,,,,
2.02101E+13,35.0169,02_00_58_945,-0.086,-0.151,9.677,02_00_58_946,0.07,0.77,-0.07,,,,,,,,,,,,,,,,,,
2.02101E+13,35.0169,02_00_58_955,-0.096,-0.077,9.677,02_00_58_956,0.07,0.84,-0.07,,,,,,,,,,,,,,,,,,
2.02101E+13,35.0169,02_00_58_965,-0.096,-0.077,9.677,02_00_58_966,0.07,0.84,-0.07,,,,,,,,,,,,,,,,,,
2.02101E+13,35.0169,02_00_58_975,-0.16,-0.103,9.734,02_00_58_976,0.07,0.77,-0.07,,,,,,,,,,,,,,,,,,
2.02101E+13,35.0169,02_00_58_985,-0.16,-0.103,9.734,02_00_58_986,0.07,0.77,-0.07,,,,,,,,,,,,,,,,,,
2.02101E+13,35.0169,02_00_58_995,-0.136,-0.124,9.641,02_00_58_996,0.07,0.77,-0.07,,,,,,,,,,,,,,,,,,
2.02101E+13,35.0169,02_00_59_005,-0.136,-0.124,9.641,02_00_59_006,0.07,0.77,-0.07,,,,,,,,,,,,,,,,,,
2.02101E+13,35.0169,02_00_59_015,-0.041,-0.096,9.667,02_00_59_016,-0.14,0.84,-0.07,,,,,,,,,,,,,,,,,,
2.02101E+13,35.0169,02_00_59_025,-0.041,-0.096,9.667,02_00_59_026,0.07,0.77,-0.07,,,,,,,,,,,,,,,,,,
2.02101E+13,35.0169,02_00_59_035,-0.086,-0.136,9.715,02_00_59_036,0.07,0.84,-0.07,,,,,,,,,,,,,,,,,,
2.02101E+13,35.0169,02_00_59_045,-0.086,-0.136,9.715,02_00_59_046,0.07,0.84,-0.07,,,,,,,,,,,,,,,,,,
2.02101E+13,35.0169,02_00_59_055,-0.05,-0.024,9.71,02_00_59_056,0.14,0.77,-0.07,,,,,,,,,,,,,,,,,,
2.02101E+13,35.0169,02_00_59_065,-0.05,-0.024,9.71,02_00_59_066,0.07,0.77,-0.07,,,,,,,,,,,,,,,,,,
2.02101E+13,35.0169,02_00_59_075,-0.136,-0.103,9.729,02_00_59_076,0.07,0.84,-0.07,,,,,,,,,,,,,,,,,,
2.02101E+13,35.0169,02_00_59_085,-0.136,-0.103,9.729,02_00_59_086,0.07,-0.77,0.07,,,,,,,,,,,,,,,,,,
2.02101E+13,35.0169,02_00_59_095,-0.038,-0.048,9.677,02_00_59_096,0.07,0.77,-0.07,,,,,,,,,,,,,,,,,,
2.02101E+13,35.0169,02_00_59_104,-0.038,-0.048,9.677,02_00_59_105,0.07,-0.77,0.07,,,,,,,,,,,,,,,,,,
2.02101E+13,35.0169,02_00_59_114,-0.048,-0.06,9.736,02_00_59_115,0.07,0.84,-0.07,,,,,,,,,,,,,,,,,,
2.02101E+13,35.0169,02_00_59_124,-0.048,-0.06,9.736,02_00_59_125,-0.07,-0.77,0.07,,,,,,,,,,,,,,,,,,
2.02101E+13,35.0169,02_00_59_134,-0.031,-0.062,9.677,02_00_59_135,0.07,0.77,-0.14,,,,,,,,,,,,,,,,,,
2.02101E+13,35.0169,02_00_59_144,-0.031,-0.062,9.677,02_00_59_145,0.07,0.77,-0.07,,,,,,,,,,,,,,,,,,
2.02101E+13,35.0169,02_00_59_154,-0.069,-0.139,9.741,02_00_59_155,0.07,0.77,-0.07,,,,,,,,,,,,,,,,,,
2.02101E+13,35.0169,02_00_59_164,-0.062,-0.069,9.72,02_00_59_165,-0.07,0.77,-0.07,,,,,,,,,,,,,,,,,,
2.02101E+13,35.0169,02_00_59_174,-0.062,-0.069,9.72,02_00_59_175,-0.07,0.77,-0.07,,,,,,,,,,,,,,,,,,
2.02101E+13,35.0169,02_00_59_184,-0.007,-0.1,9.645,02_00_59_185,-0.07,0.84,-0.07,,,,,,,,,,,,,,,,,,
2.02101E+13,35.0169,02_00_59_194,-0.007,-0.1,9.645,02_00_59_195,-0.07,0.77,-0.07,,,,,,,,,,,,,,,,,,
2.02101E+13,35.0169,02_00_59_204,-0.055,-0.129,9.696,02_00_59_205,-0.07,0.77,-0.07,,,,,,,,,,,,,,,,,,
2.02101E+13,35.0169,02_00_59_214,-0.055,-0.129,9.696,02_00_59_215,-0.07,0.77,-0.07,,,,,,,,,,,,,,,,,,
2.02101E+13,35.0169,02_00_59_224,-0.105,-0.1,9.679,02_00_59_225,0.07,0.7,-0.07,,,,,,,,,,,,,,,,,,
2.02101E+13,35.0169,02_00_59_234,-0.105,-0.1,9.679,02_00_59_235,0.07,0.84,-0.07,,,,,,,,,,,,,,,,,,
2.02101E+13,35.0169,02_00_59_244,-0.055,-0.055,9.657,02_00_59_245,0.07,0.77,-0.07,,,,,,,,,,,,,,,,,,
2.02101E+13,35.0169,02_00_59_254,-0.055,-0.055,9.657,02_00_59_255,0.07,0.77,-0.14,,,,,,,,,,,,,,,,,,
2.02101E+13,35.0169,02_00_59_264,-0.077,-0.112,9.672,02_00_59_265,0.07,0.84,-0.07,,,,,,,,,,,,,,,,,,
2.02101E+13,35.0179,02_00_59_274,-0.077,-0.112,9.672,02_00_59_275,0.07,0.84,-0.07,,,,,,,,,,,,,,,,,,
2.02101E+13,35.0179,02_00_59_284,-0.062,-0.134,9.684,02_00_59_285,0.07,0.77,-0.07,,,,,,,,,,,,,,,,,,
2.02101E+13,35.0179,02_00_59_294,-0.062,-0.134,9.684,02_00_59_295,0.07,0.77,-0.07,,,,,,,,,,,,,,,,,,
2.02101E+13,35.0179,02_00_59_304,-0.067,-0.077,9.708,02_00_59_305,0.07,0.84,-0.14,,,,,,,,,,,,,,,,,,
2.02101E+13,35.0179,02_00_59_314,-0.067,-0.077,9.708,02_00_59_315,0.07,0.84,-0.07,,,,,,,,,,,,,,,,,,
2.02101E+13,35.0179,02_00_59_324,-0.045,-0.089,9.641,02_00_59_325,0.07,0.84,-0.07,,,,,,,,,,,,,,,,,,
2.02101E+13,35.0179,02_00_59_333,-0.045,-0.089,9.641,02_00_59_334,0.07,0.84,-0.07,,,,,,,,,,,,,,,,,,
2.02101E+13,35.0179,02_00_59_343,-0.12,-0.096,9.684,02_00_59_344,0.07,0.84,-0.07,,,,,,,,,,,,,,,,,,
2.02101E+13,35.0179,02_00_59_353,-0.12,-0.096,9.684,02_00_59_354,0.07,0.84,-0.07,,,,,,,,,,,,,,,,,,
2.02101E+13,35.0179,02_00_59_363,-0.132,-0.065,9.698,02_00_59_364,0.14,0.77,-0.07,,,,,,,,,,,,,,,,,,
2.02101E+13,35.0179,02_00_59_373,-0.132,-0.065,9.698,02_00_59_374,0.07,0.77,-0.07,,,,,,,,,,,,,,,,,,
2.02101E+13,35.0179,02_00_59_383,-0.105,-0.122,9.655,02_00_59_384,0.07,0.7,-0.14,,,,,,,,,,,,,,,,,,
2.02101E+13,35.0179,02_00_59_393,-0.105,-0.122,9.655,02_00_59_394,0.07,0.77,-0.07,,,,,,,,,,,,,,,,,,
2.02101E+13,35.0179,02_00_59_403,-0.084,-0.081,9.669,02_00_59_404,0.07,0.7,-0.14,,,,,,,,,,,,,,,,,,
2.02101E+13,35.0179,02_00_59_413,-0.084,-0.081,9.669,02_00_59_414,0.07,0.7,-0.14,,,,,,,,,,,,,,,,,,
2.02101E+13,35.0179,02_00_59_423,-0.05,-0.098,9.724,02_00_59_424,0.07,0.77,-0.07,,,,,,,,,,,,,,,,,,
2.02101E+13,35.0179,02_00_59_433,-0.05,-0.098,9.724,02_00_59_434,0.07,0.77,-0.07,,,,,,,,,,,,,,,,,,
2.02101E+13,35.0179,02_00_59_443,-0.136,-0.124,9.712,02_00_59_444,0.07,0.77,-0.07,,,,,,,,,,,,,,,,,,
2.02101E+13,35.0179,02_00_59_453,-0.136,-0.124,9.712,02_00_59_454,0.07,0.77,-0.14,,,,,,,,,,,,,,,,,,
2.02101E+13,35.0179,02_00_59_463,-0.129,-0.077,9.722,02_00_59_464,0.07,0.77,-0.07,,,,,,,,,,,,,,,,,,
2.02101E+13,35.0179,02_00_59_473,-0.129,-0.077,9.722,02_00_59_474,0.07,0.77,-0.07,,,,,,,,,,,,,,,,,,
2.02101E+13,35.0179,02_00_59_483,-0.002,-0.038,9.667,02_00_59_484,0.07,0.84,-0.07,,,,,,,,,,,,,,,,,,
2.02101E+13,35.0179,02_00_59_493,-0.002,-0.038,9.667,02_00_59_494,0.07,0.84,-0.07,,,,,,,,,,,,,,,,,,
2.02101E+13,35.0179,02_00_59_503,-0.105,-0.115,9.684,02_00_59_504,0.07,0.84,-0.07,,,,,,,,,,,,,,,,,,
2.02101E+13,35.0179,02_00_59_513,-0.105,-0.115,9.684,02_00_59_514,0.07,0.84,-0.07,,,,,,,,,,,,,,,,,,
2.02101E+13,35.0179,02_00_59_523,-0.041,-0.065,9.698,02_00_59_524,0.07,0.84,-0.07,,,,,,,,,,,,,,,,,,
2.02101E+13,35.0179,02_00_59_533,-0.041,-0.065,9.698,02_00_59_534,0.07,0.77,-0.07,,,,,,,,,,,,,,,,,,
2.02101E+13,35.0179,02_00_59_543,-0.043,-0.115,9.727,02_00_59_544,0.07,0.77,-0.07,,,,,,,,,,,,,,,,,,
2.02101E+13,35.0179,02_00_59_553,-0.043,-0.115,9.727,02_00_59_554,0.21,0.7,-0.07,,,,,,,,,,,,,,,,,,
2.02101E+13,35.0179,02_00_59_563,-0.048,-0.144,9.653,02_00_59_564,0.07,0.77,-0.07,,,,,,,,,,,,,,,,,,
2.02101E+13,35.0179,02_00_59_572,-0.048,-0.144,9.653,02_00_59_573,0.07,0.7,-0.07,,,,,,,,,,,,,,,,,,
2.02101E+13,35.0179,02_00_59_582,-0.139,-0.108,9.614,02_00_59_583,0.07,0.77,-0.07,,,,,,,,,,,,,,,,,,
2.02101E+13,35.0179,02_00_59_592,-0.139,-0.108,9.614,02_00_59_593,0.07,0.77,-0.07,,,,,,,,,,,,,,,,,,
2.02101E+13,35.0179,02_00_59_602,-0.105,-0.096,9.712,02_00_59_603,0.07,0.77,-0.07,,,,,,,,,,,,,,,,,,
2.02101E+13,35.0179,02_00_59_612,-0.105,-0.096,9.712,02_00_59_613,0.07,0.77,-0.07,,,,,,,,,,,,,,,,,,
2.02101E+13,35.0179,02_00_59_622,-0.139,-0.124,9.681,02_00_59_623,0.07,0.77,-0.07,,,,,,,,,,,,,,,,,,
2.02101E+13,35.0179,02_00_59_632,-0.139,-0.124,9.681,02_00_59_633,0.07,0.77,-0.07,,,,,,,,,,,,,,,,,,
2.02101E+13,35.0179,02_00_59_642,-0.055,-0.12,9.715,02_00_59_643,0.07,0.77,-0.07,,,,,,,,,,,,,,,,,,
2.02101E+13,35.0179,02_00_59_652,-0.055,-0.12,9.715,02_00_59_653,0.28,0.77,-0.07,,,,,,,,,,,,,,,,,,
2.02101E+13,35.0179,02_00_59_662,-0.089,-0.12,9.739,02_00_59_663,0.07,0.77,-0.07,,,,,,,,,,,,,,,,,,
2.02101E+13,35.0179,02_00_59_672,-0.089,-0.12,9.739,02_00_59_673,0.07,0.77,-0.07,,,,,,,,,,,,,,,,,,
2.02101E+13,35.0179,02_00_59_682,-0.139,-0.139,9.672,02_00_59_683,0.07,0.84,-0.07,,,,,,,,,,,,,,,,,,
2.02101E+13,35.0179,02_00_59_692,-0.139,-0.139,9.672,02_00_59_693,0.07,0.77,-0.07,,,,,,,,,,,,,,,,,,
2.02101E+13,35.0179,02_00_59_702,-0.057,-0.086,9.701,02_00_59_703,0.07,0.77,-0.07,,,,,,,,,,,,,,,,,,
2.02101E+13,35.0179,02_00_59_712,-0.057,-0.086,9.701,02_00_59_713,0.07,0.77,-0.14,,,,,,,,,,,,,,,,,,
2.02101E+13,35.0179,02_00_59_722,-0.062,-0.144,9.681,02_00_59_723,0.07,0.84,-0.07,,,,,,,,,,,,,,,,,,
2.02101E+13,35.0179,02_00_59_732,-0.062,-0.144,9.681,02_00_59_733,0.07,0.77,-0.07,,,,,,,,,,,,,,,,,,
2.02101E+13,35.0179,02_00_59_742,-0.105,-0.053,9.701,02_00_59_743,0.14,0.77,-0.07,,,,,,,,,,,,,,,,,,
2.02101E+13,35.0179,02_00_59_752,-0.105,-0.053,9.701,02_00_59_753,0.07,0.84,-0.07,,,,,,,,,,,,,,,,,,
2.02101E+13,35.0179,02_00_59_762,-0.057,-0.093,9.722,02_00_59_763,0.07,0.84,-0.07,,,,,,,,,,,,,,,,,,
2.02101E+13,35.0179,02_00_59_772,-0.057,-0.093,9.722,02_00_59_773,0.07,0.77,-0.07,,,,,,,,,,,,,,,,,,
2.02101E+13,35.0179,02_00_59_782,-0.091,-0.148,9.636,02_00_59_783,0.07,0.77,-0.07,,,,,,,,,,,,,,,,,,
2.02101E+13,35.0179,02_00_59_792,-0.091,-0.148,9.636,02_00_59_793,0.14,0.77,-0.07,,,,,,,,,,,,,,,,,,
2.02101E+13,35.0179,02_00_59_802,-0.074,-0.153,9.686,02_00_59_803,0.14,0.77,-0.07,,,,,,,,,,,,,,,,,,
2.02101E+13,35.0179,02_00_59_811,-0.074,-0.153,9.686,02_00_59_812,0.14,0.77,-0.07,,,,,,,,,,,,,,,,,,
2.02101E+13,35.0179,02_00_59_821,-0.127,-0.062,9.715,02_00_59_822,0.07,0.7,-0.07,,,,,,,,,,,,,,,,,,
2.02101E+13,35.0179,02_00_59_831,-0.127,-0.062,9.715,02_00_59_832,-0.07,0.77,-0.07,,,,,,,,,,,,,,,,,,
2.02101E+13,35.0179,02_00_59_841,-0.108,-0.062,9.691,02_00_59_842,0.07,0.77,-0.07,,,,,,,,,,,,,,,,,,
2.02101E+13,35.0179,02_00_59_851,-0.108,-0.062,9.691,02_00_59_852,0.07,0.7,-0.07,,,,,,,,,,,,,,,,,,
2.02101E+13,35.0179,02_00_59_861,-0.05,-0.179,9.739,02_00_59_862,0.07,0.77,-0.07,,,,,,,,,,,,,,,,,,
2.02101E+13,35.0179,02_00_59_871,-0.05,-0.179,9.739,02_00_59_872,0.07,0.77,-0.07,,,,,,,,,,,,,,,,,,
2.02101E+13,35.0179,02_00_59_881,-0.103,-0.136,9.681,02_00_59_882,0.07,0.77,-0.07,,,,,,,,,,,,,,,,,,
2.02101E+13,35.0179,02_00_59_891,-0.103,-0.136,9.681,02_00_59_892,0.07,0.77,-0.07,,,,,,,,,,,,,,,,,,
2.02101E+13,35.0179,02_00_59_901,-0.108,-0.151,9.674,02_00_59_902,0.07,0.77,-0.07,,,,,,,,,,,,,,,,,,
2.02101E+13,35.0179,02_00_59_911,-0.108,-0.151,9.674,02_00_59_912,0.14,0.84,-0.07,,,,,,,,,,,,,,,,,,
2.02101E+13,35.0179,02_00_59_921,-0.019,-0.081,9.712,02_00_59_922,0.07,0.77,-0.07,,,,,,,,,,,,,,,,,,
2.02101E+13,35.0179,02_00_59_931,-0.019,-0.081,9.712,02_00_59_932,0.07,0.77,-0.07,,,,,,,,,,,,,,,,,,
2.02101E+13,35.0179,02_00_59_941,-0.115,-0.072,9.636,02_00_59_942,0.07,0.84,-0.07,,,,,,,,,,,,,,,,,,
2.02101E+13,35.0179,02_00_59_951,-0.115,-0.072,9.636,02_00_59_952,0.07,0.84,-0.07,,,,,,,,,,,,,,,,,,
2.02101E+13,35.0179,02_00_59_961,-0.074,-0.091,9.746,02_00_59_962,0.07,0.77,-0.07,,,,,,,,,,,,,,,,,,
2.02101E+13,35.0179,02_00_59_971,-0.074,-0.091,9.746,02_00_59_972,-0.07,0.84,-0.07,,,,,,,,,,,,,,,,,,
2.02101E+13,35.0179,02_00_59_981,-0.153,-0.112,9.689,02_00_59_982,-0.07,0.77,-0.07,,,,,,,,,,,,,,,,,,
2.02101E+13,35.0179,02_00_59_991,-0.153,-0.112,9.689,02_00_59_992,0.07,0.84,-0.07,,,,,,,,,,,,,,,,,,
2.02101E+13,35.0179,02_01_00_001,-0.081,-0.079,9.698,02_01_00_002,0.07,0.84,-0.14,,,,,,,,,,,,,,,,,,
2.02101E+13,35.0179,02_01_00_011,-0.081,-0.079,9.698,02_01_00_012,0.07,0.77,-0.07,,,,,,,,,,,,,,,,,,
2.02101E+13,35.0179,02_01_00_021,-0.124,-0.127,9.65,02_01_00_022,0.07,0.84,-0.07,,,,,,,,,,,,,,,,,,
2.02101E+13,35.0179,02_01_00_031,-0.124,-0.127,9.65,02_01_00_032,0.07,0.77,-0.07,,,,,,,,,,,,,,,,,,
2.02101E+13,35.0179,02_01_00_041,-0.069,-0.103,9.636,02_01_00_042,0.07,0.77,-0.07,,,,,,,,,,,,,,,,,,
2.02101E+13,35.0179,02_01_00_050,-0.069,-0.103,9.636,02_01_00_051,-0.07,0.77,-0.07,,,,,,,,,,,,,,,,,,
2.02101E+13,35.0179,02_01_00_060,-0.081,-0.105,9.72,02_01_00_061,-0.07,0.84,-0.07,,,,,,,,,,,,,,,,,,
2.02101E+13,35.0179,02_01_00_070,-0.081,-0.105,9.72,02_01_00_071,-0.07,0.84,-0.07,,,,,,,,,,,,,,,,,,
2.02101E+13,35.0179,02_01_00_080,-0.077,-0.122,9.734,02_01_00_081,-0.07,0.77,-0.07,,,,,,,,,,,,,,,,,,
2.02101E+13,35.0179,02_01_00_090,-0.077,-0.122,9.734,02_01_00_091,0.14,0.77,-0.07,,,,,,,,,,,,,,,,,,
2.02101E+13,35.0179,02_01_00_100,-0.098,-0.1,9.703,02_01_00_101,0.07,0.77,-0.07,,,,,,,,,,,,,,,,,,
2.02101E+13,35.0179,02_01_00_110,-0.098,-0.1,9.703,02_01_00_111,0.14,0.77,-0.07,,,,,,,,,,,,,,,,,,
2.02101E+13,35.0189,02_01_00_120,-0.014,-0.086,9.669,02_01_00_121,0.07,0.77,-0.07,,,,,,,,,,,,,,,,,,
2.02101E+13,35.0189,02_01_00_130,-0.014,-0.086,9.669,02_01_00_131,0.07,0.84,-0.07,,,,,,,,,,,,,,,,,,
2.02101E+13,35.0189,02_01_00_140,-0.033,-0.079,9.641,02_01_00_141,0.07,0.77,-0.07,,,,,,,,,,,,,,,,,,
2.02101E+13,35.0189,02_01_00_150,-0.033,-0.079,9.641,02_01_00_151,0.07,0.77,-0.07,,,,,,,,,,,,,,,,,,
2.02101E+13,35.0189,02_01_00_160,-0.074,-0.091,9.76,02_01_00_161,0.21,0.7,-0.07,,,,,,,,,,,,,,,,,,
2.02101E+13,35.0189,02_01_00_170,-0.074,-0.091,9.76,02_01_00_171,0.07,-0.77,0.07,,,,,,,,,,,,,,,,,,
2.02101E+13,35.0189,02_01_00_180,-0.098,-0.175,9.689,02_01_00_181,-0.07,0.84,-0.07,,,,,,,,,,,,,,,,,,
2.02101E+13,35.0189,02_01_00_190,-0.098,-0.175,9.689,02_01_00_191,-0.07,-0.77,0.14,,,,,,,,,,,,,,,,,,
2.02101E+13,35.0189,02_01_00_200,-0.043,-0.112,9.679,02_01_00_201,-0.07,0.77,-0.07,,,,,,,,,,,,,,,,,,
2.02101E+13,35.0189,02_01_00_210,-0.043,-0.112,9.679,02_01_00_211,0.07,0.77,-0.07,,,,,,,,,,,,,,,,,,
2.02101E+13,35.0189,02_01_00_220,-0.096,-0.089,9.686,02_01_00_221,0.07,0.77,-0.14,,,,,,,,,,,,,,,,,,
2.02101E+13,35.0189,02_01_00_230,-0.053,-0.148,9.657,02_01_00_231,0.07,0.7,-0.07,,,,,,,,,,,,,,,,,,
2.02101E+13,35.0189,02_01_00_240,-0.053,-0.148,9.657,02_01_00_241,0.07,0.77,-0.14,,,,,,,,,,,,,,,,,,
2.02101E+13,35.0189,02_01_00_250,-0.081,-0.134,9.715,02_01_00_251,0.07,0.77,-0.07,,,,,,,,,,,,,,,,,,
2.02101E+13,35.0189,02_01_00_260,-0.081,-0.134,9.715,02_01_00_261,0.07,0.77,-0.07,,,,,,,,,,,,,,,,,,
2.02101E+13,35.0189,02_01_00_270,-0.077,-0.062,9.638,02_01_00_271,0.07,0.84,-0.07,,,,,,,,,,,,,,,,,,
2.02101E+13,35.0189,02_01_00_280,-0.077,-0.062,9.638,02_01_00_281,0.07,0.77,-0.07,,,,,,,,,,,,,,,,,,
2.02101E+13,35.0189,02_01_00_290,-0.12,-0.074,9.653,02_01_00_291,0.07,0.84,-0.07,,,,,,,,,,,,,,,,,,
2.02101E+13,35.0189,02_01_00_299,-0.12,-0.074,9.653,02_01_00_300,0.07,0.84,-0.07,,,,,,,,,,,,,,,,,,
2.02101E+13,35.0189,02_01_00_309,-0.06,-0.105,9.732,02_01_00_310,0.07,0.77,-0.07,,,,,,,,,,,,,,,,,,
2.02101E+13,35.0189,02_01_00_319,-0.06,-0.105,9.732,02_01_00_320,0.07,0.77,-0.07,,,,,,,,,,,,,,,,,,
2.02101E+13,35.0189,02_01_00_329,-0.079,-0.081,9.645,02_01_00_330,0.07,0.77,-0.07,,,,,,,,,,,,,,,,,,
2.02101E+13,35.0189,02_01_00_339,-0.079,-0.081,9.645,02_01_00_340,0.07,0.84,-0.14,,,,,,,,,,,,,,,,,,
2.02101E+13,35.0189,02_01_00_349,-0.036,-0.091,9.696,02_01_00_350,-0.07,0.84,-0.07,,,,,,,,,,,,,,,,,,
2.02101E+13,35.0189,02_01_00_359,-0.036,-0.091,9.696,02_01_00_360,0.07,0.77,-0.07,,,,,,,,,,,,,,,,,,
2.02101E+13,35.0189,02_01_00_369,-0.01,-0.148,9.729,02_01_00_370,0.07,0.77,-0.07,,,,,,,,,,,,,,,,,,
2.02101E+13,35.0189,02_01_00_379,-0.01,-0.148,9.729,02_01_00_380,0.07,0.77,-0.07,,,,,,,,,,,,,,,,,,
2.02101E+13,35.0189,02_01_00_389,-0.098,-0.093,9.691,02_01_00_390,0.07,0.77,-0.07,,,,,,,,,,,,,,,,,,
2.02101E+13,35.0189,02_01_00_399,-0.098,-0.093,9.691,02_01_00_400,0.07,0.77,-0.07,,,,,,,,,,,,,,,,,,
2.02101E+13,35.0189,02_01_00_409,-0.019,-0.182,9.629,02_01_00_410,0.07,0.77,-0.07,,,,,,,,,,,,,,,,,,
2.02101E+13,35.0189,02_01_00_419,-0.019,-0.182,9.629,02_01_00_420,0.07,0.77,-0.07,,,,,,,,,,,,,,,,,,
2.02101E+13,35.0189,02_01_00_429,-0.086,-0.11,9.72,02_01_00_430,0.07,0.77,-0.07,,,,,,,,,,,,,,,,,,
2.02101E+13,35.0189,02_01_00_439,-0.086,-0.11,9.72,02_01_00_440,-0.07,0.84,-0.07,,,,,,,,,,,,,,,,,,
2.02101E+13,35.0189,02_01_00_449,-0.074,-0.117,9.679,02_01_00_450,-0.07,0.84,-0.07,,,,,,,,,,,,,,,,,,
2.02101E+13,35.0189,02_01_00_459,-0.074,-0.117,9.679,02_01_00_460,0.07,0.84,-0.07,,,,,,,,,,,,,,,,,,
2.02101E+13,35.0189,02_01_00_469,-0.022,-0.108,9.72,02_01_00_470,0.07,0.84,-0.07,,,,,,,,,,,,,,,,,,
2.02101E+13,35.0189,02_01_00_479,-0.022,-0.108,9.72,02_01_00_480,0.14,0.77,-0.07,,,,,,,,,,,,,,,,,,
2.02101E+13,35.0189,02_01_00_489,-0.072,-0.057,9.701,02_01_00_490,0.14,0.77,-0.07,,,,,,,,,,,,,,,,,,
2.02101E+13,35.0189,02_01_00_499,-0.072,-0.057,9.701,02_01_00_500,0.14,0.77,-0.07,,,,,,,,,,,,,,,,,,
2.02101E+13,35.0189,02_01_00_509,-0.067,-0.103,9.665,02_01_00_510,0.07,0.84,-0.07,,,,,,,,,,,,,,,,,,
2.02101E+13,35.0189,02_01_00_519,-0.067,-0.103,9.665,02_01_00_520,0.14,0.77,-0.07,,,,,,,,,,,,,,,,,,
2.02101E+13,35.0189,02_01_00_529,-0.022,-0.11,9.667,02_01_00_530,0.07,0.77,-0.07,,,,,,,,,,,,,,,,,,
2.02101E+13,35.0189,02_01_00_538,-0.022,-0.11,9.667,02_01_00_539,0.07,0.77,-0.07,,,,,,,,,,,,,,,,,,
2.02101E+13,35.0189,02_01_00_548,-0.062,-0.098,9.684,02_01_00_549,0.07,0.84,-0.07,,,,,,,,,,,,,,,,,,
2.02101E+13,35.0189,02_01_00_558,-0.062,-0.098,9.684,02_01_00_559,0.07,0.84,-0.07,,,,,,,,,,,,,,,,,,
2.02101E+13,35.0189,02_01_00_568,-0.065,-0.053,9.686,02_01_00_569,0.07,0.77,-0.07,,,,,,,,,,,,,,,,,,
2.02101E+13,35.0189,02_01_00_578,-0.065,-0.053,9.686,02_01_00_579,0.07,0.84,-0.07,,,,,,,,,,,,,,,,,,
2.02101E+13,35.0189,02_01_00_588,0.014,-0.074,9.677,02_01_00_589,0.07,0.84,-0.07,,,,,,,,,,,,,,,,,,
2.02101E+13,35.0189,02_01_00_598,0.014,-0.074,9.677,02_01_00_599,0.07,0.77,-0.07,,,,,,,,,,,,,,,,,,
2.02101E+13,35.0189,02_01_00_608,-0.069,-0.105,9.696,02_01_00_609,0.07,0.77,-0.07,,,,,,,,,,,,,,,,,,
2.02101E+13,35.0189,02_01_00_618,-0.069,-0.105,9.696,02_01_00_619,0.07,0.77,-0.07,,,,,,,,,,,,,,,,,,
2.02101E+13,35.0189,02_01_00_628,-0.067,-0.069,9.665,02_01_00_629,0.14,0.77,-0.07,,,,,,,,,,,,,,,,,,
2.02101E+13,35.0189,02_01_00_638,-0.067,-0.069,9.665,02_01_00_639,0.07,0.7,-0.14,,,,,,,,,,,,,,,,,,
2.02101E+13,35.0189,02_01_00_648,-0.091,-0.089,9.655,02_01_00_649,0.07,0.7,-0.07,,,,,,,,,,,,,,,,,,
2.02101E+13,35.0189,02_01_00_658,-0.091,-0.089,9.655,02_01_00_659,0.07,0.77,-0.07,,,,,,,,,,,,,,,,,,
2.02101E+13,35.0189,02_01_00_668,-0.103,-0.077,9.703,02_01_00_669,0.07,0.77,-0.14,,,,,,,,,,,,,,,,,,
2.02101E+13,35.0189,02_01_00_678,-0.103,-0.077,9.703,02_01_00_679,0.07,0.77,-0.14,,,,,,,,,,,,,,,,,,
2.02101E+13,35.0189,02_01_00_688,-0.06,-0.069,9.698,02_01_00_689,0.07,0.77,-0.07,,,,,,,,,,,,,,,,,,
2.02101E+13,35.0189,02_01_00_698,-0.06,-0.069,9.698,02_01_00_699,0.07,0.84,-0.07,,,,,,,,,,,,,,,,,,
2.02101E+13,35.0189,02_01_00_708,-0.084,-0.127,9.693,02_01_00_709,0.14,0.77,-0.14,,,,,,,,,,,,,,,,,,
2.02101E+13,35.0189,02_01_00_718,-0.084,-0.127,9.693,02_01_00_719,0.14,0.77,-0.07,,,,,,,,,,,,,,,,,,
2.02101E+13,35.0189,02_01_00_728,-0.089,-0.148,9.71,02_01_00_729,-0.07,0.84,-0.07,,,,,,,,,,,,,,,,,,
2.02101E+13,35.0189,02_01_00_738,-0.089,-0.148,9.71,02_01_00_739,0.07,0.77,-0.07,,,,,,,,,,,,,,,,,,
2.02101E+13,35.0189,02_01_00_748,-0.079,-0.043,9.72,02_01_00_749,0.07,0.77,-0.07,,,,,,,,,,,,,,,,,,
2.02101E+13,35.0189,02_01_00_758,-0.079,-0.043,9.72,02_01_00_759,0.07,0.77,-0.07,,,,,,,,,,,,,,,,,,
2.02101E+13,35.0189,02_01_00_768,-0.091,-0.103,9.66,02_01_00_769,0.07,0.84,-0.07,,,,,,,,,,,,,,,,,,
2.02101E+13,35.0189,02_01_00_778,-0.091,-0.103,9.66,02_01_00_779,0.07,0.7,-0.07,,,,,,,,,,,,,,,,,,
2.02101E+13,35.0189,02_01_00_788,-0.053,-0.122,9.727,02_01_00_789,0.07,0.77,-0.07,,,,,,,,,,,,,,,,,,
2.02101E+13,35.0189,02_01_00_798,-0.053,-0.122,9.727,02_01_00_799,0.07,0.84,-0.07,,,,,,,,,,,,,,,,,,
2.02101E+13,35.0189,02_01_00_808,-0.12,-0.055,9.72,02_01_00_809,0.07,0.84,-0.07,,,,,,,,,,,,,,,,,,
2.02101E+13,35.0189,02_01_00_818,-0.12,-0.055,9.72,02_01_00_819,0.07,0.77,-0.07,,,,,,,,,,,,,,,,,,
2.02101E+13,35.0189,02_01_00_828,-0.069,-0.086,9.665,02_01_00_829,0.07,0.77,-0.14,,,,,,,,,,,,,,,,,,
2.02101E+13,35.0189,02_01_00_838,-0.069,-0.086,9.665,02_01_00_839,0.07,0.77,-0.07,,,,,,,,,,,,,,,,,,
2.02101E+13,35.0189,02_01_00_847,-0.06,-0.089,9.698,02_01_00_848,0.07,0.84,-0.07,,,,,,,,,,,,,,,,,,
2.02101E+13,35.0189,02_01_00_858,-0.06,-0.089,9.698,02_01_00_859,0.07,0.77,-0.07,,,,,,,,,,,,,,,,,,
2.02101E+13,35.0189,02_01_00_867,-0.096,-0.077,9.665,02_01_00_868,0.07,0.77,-0.07,,,,,,,,,,,,,,,,,,
2.02101E+13,35.0189,02_01_00_877,-0.096,-0.077,9.665,02_01_00_878,0.07,0.77,-0.07,,,,,,,,,,,,,,,,,,
2.02101E+13,35.0189,02_01_00_887,-0.084,-0.103,9.703,02_01_00_888,0.14,0.84,-0.07,,,,,,,,,,,,,,,,,,
2.02101E+13,35.0189,02_01_00_897,-0.084,-0.103,9.703,02_01_00_898,0.14,0.77,-0.07,,,,,,,,,,,,,,,,,,
2.02101E+13,35.0189,02_01_00_907,-0.096,-0.117,9.643,02_01_00_908,0.07,0.77,-0.07,,,,,,,,,,,,,,,,,,
2.02101E+13,35.0189,02_01_00_917,-0.096,-0.117,9.643,02_01_00_918,0.07,0.84,-0.07,,,,,,,,,,,,,,,,,,
2.02101E+13,35.0189,02_01_00_927,-0.103,-0.144,9.655,02_01_00_928,0.07,0.77,-0.07,,,,,,,,,,,,,,,,,,
2.02101E+13,35.0189,02_01_00_937,-0.103,-0.144,9.655,02_01_00_938,0.07,0.77,-0.07,,,,,,,,,,,,,,,,,,
2.02101E+13,35.0189,02_01_00_947,-0.062,-0.029,9.703,02_01_00_948,0.07,0.84,-0.07,,,,,,,,,,,,,,,,,,
2.02101E+13,35.0189,02_01_00_957,-0.062,-0.029,9.703,02_01_00_958,0.07,0.84,-0.07,,,,,,,,,,,,,,,,,,
2.02101E+13,35.0199,02_01_00_967,-0.036,-0.103,9.715,02_01_00_968,0.07,0.84,-0.07,,,,,,,,,,,,,,,,,,
2.02101E+13,35.0199,02_01_00_977,-0.036,-0.103,9.715,02_01_00_978,0.07,0.77,-0.07,,,,,,,,,,,,,,,,,,
2.02101E+13,35.0199,02_01_00_987,-0.038,-0.105,9.696,02_01_00_988,0.07,0.77,-0.07,,,,,,,,,,,,,,,,,,
2.02101E+13,35.0199,02_01_00_997,-0.038,-0.105,9.696,02_01_00_998,0.07,0.84,-0.07,,,,,,,,,,,,,,,,,,
2.02101E+13,35.0199,02_01_01_007,-0.112,-0.098,9.653,02_01_01_008,0.07,0.84,-0.07,,,,,,,,,,,,,,,,,,
2.02101E+13,35.0199,02_01_01_017,-0.112,-0.098,9.653,02_01_01_018,0.07,0.77,-0.07,,,,,,,,,,,,,,,,,,
2.02101E+13,35.0199,02_01_01_027,-0.077,-0.172,9.631,02_01_01_028,0.07,0.77,-0.07,,,,,,,,,,,,,,,,,,
2.02101E+13,35.0199,02_01_01_037,-0.077,-0.172,9.631,02_01_01_038,-0.07,0.84,-0.07,,,,,,,,,,,,,,,,,,
2.02101E+13,35.0199,02_01_01_047,-0.033,-0.153,9.705,02_01_01_048,-0.07,0.77,-0.07,,,,,,,,,,,,,,,,,,
2.02101E+13,35.0199,02_01_01_057,-0.033,-0.153,9.705,02_01_01_058,-0.07,0.7,-0.07,,,,,,,,,,,,,,,,,,
2.02101E+13,35.0199,02_01_01_067,-0.031,-0.11,9.724,02_01_01_068,-0.07,0.84,-0.07,,,,,,,,,,,,,,,,,,
2.02101E+13,35.0199,02_01_01_077,-0.031,-0.11,9.724,02_01_01_078,-0.07,0.7,-0.14,,,,,,,,,,,,,,,,,,
2.02101E+13,35.0199,02_01_01_087,-0.062,-0.038,9.717,02_01_01_088,0.07,0.77,-0.07,,,,,,,,,,,,,,,,,,
2.02101E+13,35.0199,02_01_01_097,-0.062,-0.038,9.717,02_01_01_098,0.07,0.77,-0.07,,,,,,,,,,,,,,,,,,
2.02101E+13,35.0199,02_01_01_107,-0.002,-0.127,9.667,02_01_01_108,0.07,0.77,-0.07,,,,,,,,,,,,,,,,,,
2.02101E+13,35.0199,02_01_01_117,-0.002,-0.127,9.667,02_01_01_118,0.07,0.77,-0.07,,,,,,,,,,,,,,,,,,
2.02101E+13,35.0199,02_01_01_127,-0.098,-0.156,9.672,02_01_01_128,0.07,0.84,-0.07,,,,,,,,,,,,,,,,,,
2.02101E+13,35.0199,02_01_01_136,-0.098,-0.156,9.672,02_01_01_137,0.07,-0.77,0.07,,,,,,,,,,,,,,,,,,
2.02101E+13,35.0199,02_01_01_146,-0.11,-0.091,9.717,02_01_01_147,0.07,0.77,-0.07,,,,,,,,,,,,,,,,,,
2.02101E+13,35.0199,02_01_01_156,-0.11,-0.091,9.717,02_01_01_157,-0.07,-0.77,0.07,,,,,,,,,,,,,,,,,,
2.02101E+13,35.0199,02_01_01_166,-0.1,-0.079,9.741,02_01_01_167,-0.07,0.77,-0.07,,,,,,,,,,,,,,,,,,
2.02101E+13,35.0199,02_01_01_176,-0.1,-0.079,9.741,02_01_01_177,-0.07,-0.84,0.07,,,,,,,,,,,,,,,,,,
2.02101E+13,35.0199,02_01_01_186,-0.098,-0.036,9.629,02_01_01_187,-0.07,0.77,-0.07,,,,,,,,,,,,,,,,,,
2.02101E+13,35.0199,02_01_01_196,-0.098,-0.036,9.629,02_01_01_197,-0.07,0.77,-0.07,,,,,,,,,,,,,,,,,,
2.02101E+13,35.0199,02_01_01_206,-0.136,-0.148,9.698,02_01_01_207,0.07,0.77,-0.07,,,,,,,,,,,,,,,,,,
2.02101E+13,35.0199,02_01_01_216,-0.041,-0.103,9.686,02_01_01_217,0.07,0.77,-0.14,,,,,,,,,,,,,,,,,,
2.02101E+13,35.0199,02_01_01_226,-0.041,-0.103,9.686,02_01_01_227,0.07,0.77,-0.07,,,,,,,,,,,,,,,,,,
2.02101E+13,35.0199,02_01_01_236,-0.089,-0.093,9.674,02_01_01_237,0.07,0.77,-0.07,,,,,,,,,,,,,,,,,,
2.02101E+13,35.0199,02_01_01_246,-0.089,-0.093,9.674,02_01_01_247,0.07,0.77,-0.07,,,,,,,,,,,,,,,,,,
2.02101E+13,35.0199,02_01_01_256,-0.043,-0.098,9.669,02_01_01_257,-0.07,0.77,-0.07,,,,,,,,,,,,,,,,,,
2.02101E+13,35.0199,02_01_01_266,-0.043,-0.098,9.669,02_01_01_267,-0.07,0.77,-0.14,,,,,,,,,,,,,,,,,,
2.02101E+13,35.0199,02_01_01_276,-0.05,-0.096,9.701,02_01_01_277,0.07,0.77,-0.07,,,,,,,,,,,,,,,,,,
2.02101E+13,35.0199,02_01_01_286,-0.05,-0.096,9.701,02_01_01_287,0.07,0.77,-0.14,,,,,,,,,,,,,,,,,,
2.02101E+13,35.0199,02_01_01_296,-0.091,-0.108,9.643,02_01_01_297,0.07,0.77,-0.07,,,,,,,,,,,,,,,,,,
2.02101E+13,35.0199,02_01_01_306,-0.091,-0.108,9.643,02_01_01_307,0.07,0.77,-0.07,,,,,,,,,,,,,,,,,,
2.02101E+13,35.0199,02_01_01_316,-0.103,-0.141,9.696,02_01_01_317,0.07,0.77,-0.07,,,,,,,,,,,,,,,,,,
2.02101E+13,35.0199,02_01_01_326,-0.103,-0.141,9.696,02_01_01_327,0.07,0.77,-0.07,,,,,,,,,,,,,,,,,,
2.02101E+13,35.0199,02_01_01_336,-0.069,-0.12,9.605,02_01_01_337,0.07,0.77,-0.07,,,,,,,,,,,,,,,,,,
2.02101E+13,35.0199,02_01_01_346,-0.069,-0.12,9.605,02_01_01_347,0.07,0.77,-0.07,,,,,,,,,,,,,,,,,,
2.02101E+13,35.0199,02_01_01_356,-0.081,-0.098,9.643,02_01_01_357,0.07,0.84,-0.07,,,,,,,,,,,,,,,,,,
2.02101E+13,35.0199,02_01_01_366,-0.081,-0.098,9.643,02_01_01_367,0.07,0.77,-0.07,,,,,,,,,,,,,,,,,,
2.02101E+13,35.0199,02_01_01_376,-0.127,-0.112,9.727,02_01_01_377,0.14,0.77,-0.07,,,,,,,,,,,,,,,,,,
2.02101E+13,35.0199,02_01_01_386,-0.127,-0.112,9.727,02_01_01_387,0.14,0.77,-0.07,,,,,,,,,,,,,,,,,,
2.02101E+13,35.0199,02_01_01_396,-0.053,-0.055,9.677,02_01_01_397,0.07,0.77,-0.14,,,,,,,,,,,,,,,,,,
2.02101E+13,35.0199,02_01_01_406,-0.053,-0.055,9.677,02_01_01_407,0.07,0.77,-0.14,,,,,,,,,,,,,,,,,,
2.02101E+13,35.0199,02_01_01_416,-0.105,-0.069,9.645,02_01_01_417,0.07,0.77,-0.07,,,,,,,,,,,,,,,,,,
2.02101E+13,35.0199,02_01_01_425,-0.105,-0.069,9.645,02_01_01_426,0.07,0.84,-0.07,,,,,,,,,,,,,,,,,,
2.02101E+13,35.0199,02_01_01_435,-0.093,-0.079,9.698,02_01_01_436,0.07,0.77,-0.07,,,,,,,,,,,,,,,,,,
2.02101E+13,35.0199,02_01_01_445,-0.093,-0.079,9.698,02_01_01_446,-0.14,0.84,-0.07,,,,,,,,,,,,,,,,,,
2.02101E+13,35.0199,02_01_01_455,-0.175,-0.069,9.691,02_01_01_456,0.07,0.77,-0.07,,,,,,,,,,,,,,,,,,
2.02101E+13,35.0199,02_01_01_465,-0.175,-0.069,9.691,02_01_01_466,0.07,0.7,-0.07,,,,,,,,,,,,,,,,,,
2.02101E+13,35.0199,02_01_01_475,-0.175,-0.055,9.662,02_01_01_476,0.07,0.77,-0.07,,,,,,,,,,,,,,,,,,
2.02101E+13,35.0199,02_01_01_485,-0.175,-0.055,9.662,02_01_01_486,-0.07,0.77,-0.07,,,,,,,,,,,,,,,,,,
2.02101E+13,35.0199,02_01_01_495,-0.05,-0.146,9.624,02_01_01_496,0.07,0.77,-0.07,,,,,,,,,,,,,,,,,,
2.02101E+13,35.0199,02_01_01_505,-0.05,-0.146,9.624,02_01_01_506,0.07,0.77,-0.07,,,,,,,,,,,,,,,,,,
2.02101E+13,35.0199,02_01_01_515,-0.072,-0.062,9.734,02_01_01_516,0.07,0.77,-0.07,,,,,,,,,,,,,,,,,,
2.02101E+13,35.0199,02_01_01_525,-0.072,-0.062,9.734,02_01_01_526,0.07,0.7,-0.07,,,,,,,,,,,,,,,,,,
2.02101E+13,35.0199,02_01_01_535,0.01,-0.038,9.65,02_01_01_536,0.07,0.77,-0.07,,,,,,,,,,,,,,,,,,
2.02101E+13,35.0199,02_01_01_545,0.01,-0.038,9.65,02_01_01_546,0.07,0.77,-0.07,,,,,,,,,,,,,,,,,,
2.02101E+13,35.0199,02_01_01_555,-0.033,-0.122,9.717,02_01_01_556,0.07,0.77,-0.07,,,,,,,,,,,,,,,,,,
2.02101E+13,35.0199,02_01_01_565,-0.033,-0.122,9.717,02_01_01_566,0.07,0.77,-0.07,,,,,,,,,,,,,,,,,,
2.02101E+13,35.0199,02_01_01_575,-0.043,-0.141,9.708,02_01_01_576,0.07,0.84,-0.14,,,,,,,,,,,,,,,,,,
2.02101E+13,35.0199,02_01_01_585,-0.043,-0.141,9.708,02_01_01_586,0.07,0.77,-0.14,,,,,,,,,,,,,,,,,,
2.02101E+13,35.0199,02_01_01_595,-0.084,-0.093,9.691,02_01_01_596,0.07,0.77,-0.07,,,,,,,,,,,,,,,,,,
2.02101E+13,35.0199,02_01_01_605,-0.084,-0.093,9.691,02_01_01_606,0.07,0.77,-0.07,,,,,,,,,,,,,,,,,,
2.02101E+13,35.0199,02_01_01_615,-0.053,-0.067,9.758,02_01_01_616,0.07,0.77,-0.14,,,,,,,,,,,,,,,,,,
2.02101E+13,35.0199,02_01_01_625,-0.053,-0.067,9.758,02_01_01_626,0.07,0.77,-0.07,,,,,,,,,,,,,,,,,,
2.02101E+13,35.0199,02_01_01_635,-0.062,-0.084,9.753,02_01_01_636,0.07,0.77,-0.14,,,,,,,,,,,,,,,,,,
2.02101E+13,35.0199,02_01_01_645,-0.062,-0.084,9.753,02_01_01_646,0.07,0.77,-0.07,,,,,,,,,,,,,,,,,,
2.02101E+13,35.0199,02_01_01_655,-0.062,-0.096,9.665,02_01_01_656,0.07,0.77,-0.14,,,,,,,,,,,,,,,,,,
2.02101E+13,35.0199,02_01_01_665,-0.062,-0.096,9.665,02_01_01_666,0.07,0.77,-0.07,,,,,,,,,,,,,,,,,,
2.02101E+13,35.0199,02_01_01_675,-0.038,-0.048,9.643,02_01_01_676,0.07,0.84,-0.07,,,,,,,,,,,,,,,,,,
2.02101E+13,35.0199,02_01_01_685,-0.038,-0.048,9.643,02_01_01_686,0.07,0.77,-0.07,,,,,,,,,,,,,,,,,,
2.02101E+13,35.0199,02_01_01_695,-0.105,-0.065,9.701,02_01_01_696,0.14,0.77,-0.14,,,,,,,,,,,,,,,,,,
2.02101E+13,35.0199,02_01_01_705,-0.105,-0.065,9.701,02_01_01_706,0.07,0.84,-0.07,,,,,,,,,,,,,,,,,,
2.02101E+13,35.0199,02_01_01_715,-0.091,-0.129,9.691,02_01_01_716,0.07,0.77,-0.07,,,,,,,,,,,,,,,,,,
2.02101E+13,35.0199,02_01_01_725,-0.091,-0.129,9.691,02_01_01_726,0.07,0.77,-0.07,,,,,,,,,,,,,,,,,,
2.02101E+13,35.0199,02_01_01_735,-0.065,-0.084,9.657,02_01_01_736,0.07,0.77,-0.07,,,,,,,,,,,,,,,,,,
2.02101E+13,35.0199,02_01_01_745,-0.065,-0.084,9.657,02_01_01_746,0.14,0.77,-0.14,,,,,,,,,,,,,,,,,,
2.02101E+13,35.0199,02_01_01_755,-0.048,-0.091,9.698,02_01_01_756,0.14,0.84,-0.07,,,,,,,,,,,,,,,,,,
2.02101E+13,35.0199,02_01_01_764,-0.048,-0.091,9.698,02_01_01_765,0.07,0.77,-0.07,,,,,,,,,,,,,,,,,,
2.02101E+13,35.0199,02_01_01_774,-0.053,-0.065,9.684,02_01_01_775,0.07,0.77,-0.07,,,,,,,,,,,,,,,,,,
2.02101E+13,35.0199,02_01_01_784,-0.053,-0.065,9.684,02_01_01_785,0.14,0.77,-0.07,,,,,,,,,,,,,,,,,,
2.02101E+13,35.0199,02_01_01_794,-0.112,-0.074,9.684,02_01_01_795,0.07,0.77,-0.07,,,,,,,,,,,,,,,,,,
2.02101E+13,35.0199,02_01_01_804,-0.112,-0.074,9.684,02_01_01_805,0.07,0.84,-0.07,,,,,,,,,,,,,,,,,,
2.02101E+13,35.0209,02_01_01_814,-0.117,-0.139,9.703,02_01_01_815,0.07,0.84,-0.07,,,,,,,,,,,,,,,,,,
2.02101E+13,35.0209,02_01_01_824,-0.117,-0.139,9.703,02_01_01_825,0.07,0.77,-0.07,,,,,,,,,,,,,,,,,,
2.02101E+13,35.0209,02_01_01_834,-0.072,-0.096,9.708,02_01_01_835,0.14,0.84,-0.07,,,,,,,,,,,,,,,,,,
2.02101E+13,35.0209,02_01_01_844,-0.072,-0.096,9.708,02_01_01_845,0.14,0.77,-0.07,,,,,,,,,,,,,,,,,,
2.02101E+13,35.0209,02_01_01_854,-0.115,-0.081,9.712,02_01_01_855,0.07,0.77,-0.07,,,,,,,,,,,,,,,,,,
2.02101E+13,35.0209,02_01_01_864,-0.115,-0.081,9.712,02_01_01_865,0.07,0.7,-0.07,,,,,,,,,,,,,,,,,,
2.02101E+13,35.0209,02_01_01_874,-0.122,0.017,9.684,02_01_01_875,0.07,0.77,-0.07,,,,,,,,,,,,,,,,,,
2.02101E+13,35.0209,02_01_01_884,-0.122,0.017,9.684,02_01_01_885,0.07,0.77,-0.07,,,,,,,,,,,,,,,,,,
2.02101E+13,35.0209,02_01_01_894,-0.067,-0.045,9.66,02_01_01_895,0.07,0.77,-0.07,,,,,,,,,,,,,,,,,,
2.02101E+13,35.0209,02_01_01_904,-0.067,-0.045,9.66,02_01_01_905,0.07,0.77,-0.07,,,,,,,,,,,,,,,,,,
2.02101E+13,35.0209,02_01_01_914,-0.122,-0.053,9.696,02_01_01_915,0.07,0.77,-0.07,,,,,,,,,,,,,,,,,,
2.02101E+13,35.0209,02_01_01_924,-0.122,-0.053,9.696,02_01_01_925,0.07,0.84,-0.07,,,,,,,,,,,,,,,,,,
2.02101E+13,35.0209,02_01_01_934,-0.12,-0.029,9.693,02_01_01_935,0.07,0.77,-0.07,,,,,,,,,,,,,,,,,,
2.02101E+13,35.0209,02_01_01_944,-0.12,-0.029,9.693,02_01_01_945,0.07,0.77,-0.07,,,,,,,,,,,,,,,,,,
